date,expiry,strike,type,bid,ask,last_price,underlying,implied_volatility,days_to_expiry
2025-08-11,2025-10-10,19622.57,call,102.06,112.8,107.43,18000,0.228,60
2025-08-11,2025-08-25,16761.58,call,57.06,63.07,60.07,18000,0.1959,14
2025-08-11,2025-09-10,16274.1,put,160.49,177.39,168.94,18000,0.2222,30
2025-08-11,2025-08-25,16854.57,call,104.59,115.6,110.1,18000,0.2117,14
2025-08-11,2025-11-09,17755.0,call,68.38,75.57,71.97,18000,0.2025,90
2025-08-11,2025-10-10,19705.52,call,134.27,148.4,141.33,18000,0.1956,60
2025-08-11,2025-09-10,17576.86,put,7.94,8.78,8.36,18000,0.2092,30
2025-08-11,2025-09-10,18649.11,call,162.26,179.34,170.8,18000,0.1565,30
2025-08-11,2025-10-10,18227.84,put,16.7,18.46,17.58,18000,0.1805,60
2025-08-11,2025-10-10,17067.69,put,84.68,93.59,89.13,18000,0.1622,60
2025-08-11,2025-09-10,19473.55,put,129.17,142.76,135.97,18000,0.1682,30
2025-08-11,2025-08-25,18243.72,call,132.55,146.5,139.52,18000,0.247,14
2025-08-11,2025-08-25,17622.54,put,157.64,174.23,165.94,18000,0.2098,14
2025-08-11,2025-10-10,16362.82,put,127.79,141.24,134.52,18000,0.2345,60
2025-08-11,2025-11-09,18312.3,call,92.8,102.57,97.69,18000,0.1781,90
2025-08-11,2025-08-18,17266.58,call,168.76,186.52,177.64,18000,0.1575,7
2025-08-11,2025-08-18,16915.38,put,34.0,37.58,35.79,18000,0.1514,7
2025-08-11,2025-09-10,19044.63,call,61.3,67.75,64.52,18000,0.1574,30
2025-08-11,2025-08-18,19493.85,call,56.58,62.54,59.56,18000,0.2123,7
2025-08-11,2025-11-09,18826.58,put,95.97,106.08,101.02,18000,0.1775,90
2025-08-11,2025-09-10,16630.54,put,123.42,136.41,129.91,18000,0.2349,30
2025-08-11,2025-09-10,18081.84,call,75.13,83.03,79.08,18000,0.1611,30
2025-08-11,2025-09-10,16313.15,call,96.32,106.46,101.39,18000,0.1975,30
2025-08-11,2025-10-10,19467.24,call,92.31,102.03,97.17,18000,0.2104,60
2025-08-11,2025-11-09,17023.67,put,118.81,131.31,125.06,18000,0.2099,90
2025-08-11,2025-10-10,19546.91,call,18.04,19.94,18.99,18000,0.1796,60
2025-08-11,2025-10-10,19093.22,put,151.04,166.94,158.99,18000,0.1917,60
2025-08-11,2025-08-25,16639.52,call,18.82,20.8,19.81,18000,0.1818,14
2025-08-11,2025-08-18,18531.68,call,147.18,162.68,154.93,18000,0.2318,7
2025-08-11,2025-09-10,17702.68,call,46.07,50.92,48.49,18000,0.2192,30
2025-08-11,2025-09-10,17363.53,put,69.06,76.33,72.69,18000,0.2058,30
2025-08-11,2025-08-18,17114.1,put,85.03,93.98,89.5,18000,0.1752,7
2025-08-11,2025-08-18,16733.11,put,104.24,115.21,109.72,18000,0.1537,7
2025-08-11,2025-08-25,17679.73,call,155.31,171.66,163.49,18000,0.1779,14
2025-08-11,2025-09-10,18650.54,call,168.55,186.29,177.42,18000,0.1989,30
2025-08-11,2025-10-10,16491.07,put,124.52,137.63,131.08,18000,0.1738,60
2025-08-11,2025-11-09,18476.3,put,139.61,154.31,146.96,18000,0.1899,90
2025-08-11,2025-08-18,16742.58,call,6.97,7.71,7.34,18000,0.1687,7
2025-08-11,2025-10-10,17373.45,put,87.57,96.79,92.18,18000,0.1517,60
2025-08-11,2025-09-10,17455.2,call,118.15,130.59,124.37,18000,0.1674,30
2025-08-11,2025-08-25,19215.76,call,19.4,21.45,20.43,18000,0.1841,14
2025-08-11,2025-08-25,17128.59,put,167.95,185.63,176.79,18000,0.1675,14
2025-08-11,2025-10-10,18106.74,put,165.09,182.46,173.78,18000,0.2496,60
2025-08-11,2025-11-09,19441.51,call,47.69,52.71,50.2,18000,0.1689,90
2025-08-11,2025-09-10,18813.44,call,69.17,76.45,72.81,18000,0.2356,30
2025-08-11,2025-08-18,18511.31,call,134.29,148.43,141.36,18000,0.2436,7
2025-08-11,2025-10-10,18290.47,put,113.46,125.4,119.43,18000,0.1601,60
2025-08-11,2025-11-09,17222.12,put,118.31,130.77,124.54,18000,0.2049,90
2025-08-11,2025-11-09,17007.37,call,84.46,93.35,88.9,18000,0.1518,90
2025-08-11,2025-10-10,17519.29,put,112.45,124.29,118.37,18000,0.2349,60
2025-08-11,2025-08-18,18153.14,call,45.35,50.12,47.74,18000,0.1868,7
2025-08-11,2025-11-09,17952.27,put,135.91,150.22,143.07,18000,0.2131,90
2025-08-11,2025-08-18,18276.85,put,39.36,43.51,41.43,18000,0.2364,7
2025-08-11,2025-09-10,18259.22,put,30.29,33.47,31.88,18000,0.2145,30
2025-08-11,2025-10-10,17891.8,put,63.3,69.96,66.63,18000,0.2415,60
2025-08-11,2025-08-18,19631.06,call,165.3,182.7,174.0,18000,0.1928,7
2025-08-11,2025-09-10,19729.19,put,65.85,72.78,69.32,18000,0.1794,30
2025-08-11,2025-08-18,17340.92,put,67.49,74.6,71.04,18000,0.1873,7
2025-08-11,2025-08-25,19548.06,put,105.17,116.24,110.7,18000,0.1597,14
2025-08-11,2025-08-25,17114.99,put,126.67,140.01,133.34,18000,0.2377,14
2025-08-11,2025-08-18,16691.84,put,50.2,55.49,52.85,18000,0.1859,7
2025-08-11,2025-08-25,19116.41,call,13.95,15.42,14.69,18000,0.2112,14
2025-08-11,2025-08-18,18460.42,put,120.04,132.67,126.35,18000,0.215,7
2025-08-11,2025-10-10,19391.82,call,16.07,17.76,16.92,18000,0.1876,60
2025-08-11,2025-09-10,17876.15,call,143.46,158.56,151.01,18000,0.2482,30
2025-08-11,2025-08-25,16309.8,put,51.86,57.32,54.59,18000,0.1539,14
2025-08-11,2025-09-10,16657.42,call,46.43,51.32,48.88,18000,0.2328,30
2025-08-11,2025-10-10,18442.41,put,33.24,36.74,34.99,18000,0.2342,60
2025-08-11,2025-09-10,18494.75,put,165.79,183.24,174.52,18000,0.1633,30
2025-08-11,2025-08-25,17362.64,call,74.13,81.94,78.03,18000,0.1899,14
2025-08-11,2025-08-25,16482.44,call,13.83,15.28,14.56,18000,0.1684,14
2025-08-11,2025-08-18,18678.6,call,26.75,29.57,28.16,18000,0.1673,7
2025-08-11,2025-08-25,17063.23,put,112.89,124.78,118.84,18000,0.2215,14
2025-08-11,2025-11-09,18497.77,call,94.79,104.77,99.78,18000,0.2238,90
2025-08-11,2025-11-09,17710.56,put,27.13,29.98,28.56,18000,0.2066,90
2025-08-11,2025-08-18,17430.77,put,6.96,7.7,7.33,18000,0.1546,7
2025-08-11,2025-10-10,16831.19,put,84.07,92.92,88.49,18000,0.1598,60
2025-08-11,2025-10-10,16823.53,put,8.22,9.08,8.65,18000,0.215,60
2025-08-11,2025-11-09,19392.05,put,107.02,118.29,112.65,18000,0.1875,90
2025-08-11,2025-08-25,18003.74,put,27.86,30.79,29.33,18000,0.2159,14
2025-08-11,2025-08-25,16295.44,put,136.96,151.38,144.17,18000,0.2136,14
2025-08-11,2025-10-10,17597.41,put,138.72,153.32,146.02,18000,0.1629,60
2025-08-11,2025-09-10,19589.27,call,111.4,123.13,117.27,18000,0.232,30
2025-08-11,2025-09-10,16904.85,call,64.51,71.3,67.91,18000,0.1715,30
2025-08-11,2025-11-09,16539.99,call,112.13,123.93,118.03,18000,0.1837,90
2025-08-11,2025-11-09,19241.55,put,44.58,49.27,46.93,18000,0.1841,90
2025-08-11,2025-10-10,18694.41,put,150.05,165.84,157.94,18000,0.2129,60
2025-08-11,2025-10-10,17704.61,call,30.34,33.54,31.94,18000,0.1782,60
2025-08-11,2025-08-18,18246.67,call,70.56,77.98,74.27,18000,0.2491,7
2025-08-11,2025-08-25,17100.06,put,159.16,175.91,167.54,18000,0.1841,14
2025-08-11,2025-11-09,17058.95,call,129.03,142.61,135.82,18000,0.2251,90
2025-08-11,2025-08-18,17559.82,call,141.32,156.2,148.76,18000,0.2005,7
2025-08-11,2025-11-09,19423.88,call,163.91,181.16,172.54,18000,0.1553,90
2025-08-11,2025-09-10,16528.63,call,115.73,127.91,121.82,18000,0.2457,30
2025-08-11,2025-10-10,18264.38,call,15.68,17.33,16.51,18000,0.1583,60
2025-08-11,2025-10-10,17383.19,call,161.8,178.83,170.32,18000,0.1713,60
2025-08-11,2025-08-18,16608.47,call,9.84,10.88,10.36,18000,0.1994,7
2025-08-11,2025-08-25,17789.51,call,120.7,133.4,127.05,18000,0.2046,14
2025-08-11,2025-10-10,18676.91,put,17.29,19.11,18.2,18000,0.2118,60
2025-08-11,2025-11-09,17001.28,call,120.77,133.48,127.12,18000,0.2322,90
2025-08-11,2025-11-09,18047.97,put,64.0,70.74,67.37,18000,0.2487,90
2025-08-11,2025-08-18,19369.3,call,168.61,186.35,177.48,18000,0.2447,7
2025-08-11,2025-10-10,17460.79,put,132.89,146.88,139.89,18000,0.1584,60
2025-08-11,2025-09-10,17095.41,call,84.24,93.11,88.67,18000,0.1611,30
2025-08-11,2025-11-09,17658.73,put,20.32,22.46,21.39,18000,0.1556,90
2025-08-11,2025-11-09,19162.05,call,99.76,110.26,105.01,18000,0.2246,90
2025-08-11,2025-08-18,17549.53,call,90.35,99.86,95.11,18000,0.1583,7
2025-08-11,2025-11-09,19667.6,put,95.08,105.08,100.08,18000,0.2478,90
2025-08-11,2025-11-09,16356.24,call,12.62,13.95,13.28,18000,0.2493,90
2025-08-11,2025-09-10,18703.48,call,107.63,118.96,113.29,18000,0.2023,30
2025-08-11,2025-08-18,18459.21,put,126.04,139.31,132.68,18000,0.1884,7
2025-08-11,2025-09-10,17211.47,put,67.46,74.56,71.01,18000,0.1558,30
2025-08-11,2025-10-10,17408.38,put,79.29,87.64,83.47,18000,0.1688,60
2025-08-11,2025-08-25,17025.82,put,166.62,184.16,175.39,18000,0.1578,14
2025-08-11,2025-09-10,18713.38,call,70.32,77.72,74.02,18000,0.178,30
2025-08-11,2025-11-09,18665.03,call,13.03,14.4,13.72,18000,0.1633,90
2025-08-11,2025-08-25,17699.9,call,71.52,79.05,75.28,18000,0.2113,14
2025-08-11,2025-08-25,18185.72,call,64.38,71.15,67.76,18000,0.1526,14
2025-08-11,2025-08-18,17929.33,call,101.6,112.29,106.94,18000,0.165,7
2025-08-11,2025-08-18,19691.69,call,10.86,12.0,11.43,18000,0.2069,7
2025-08-11,2025-08-18,17693.35,call,12.89,14.24,13.56,18000,0.1514,7
2025-08-11,2025-10-10,19126.44,call,156.15,172.59,164.37,18000,0.225,60
2025-08-11,2025-11-09,18814.04,put,42.3,46.75,44.52,18000,0.235,90
2025-08-11,2025-08-18,16664.97,call,35.44,39.17,37.3,18000,0.1775,7
2025-08-11,2025-08-18,18618.12,put,45.94,50.78,48.36,18000,0.1547,7
2025-08-11,2025-08-25,17993.39,put,88.95,98.31,93.63,18000,0.2272,14
2025-08-11,2025-10-10,19138.99,put,149.91,165.69,157.8,18000,0.2061,60
2025-08-11,2025-08-18,18323.84,call,129.13,142.72,135.92,18000,0.1529,7
2025-08-11,2025-11-09,18501.7,call,23.32,25.77,24.55,18000,0.1713,90
2025-08-11,2025-10-10,19729.67,put,67.07,74.13,70.6,18000,0.209,60
2025-08-11,2025-09-10,16527.61,put,87.89,97.14,92.52,18000,0.1848,30
2025-08-11,2025-10-10,17272.65,put,162.37,179.46,170.91,18000,0.2362,60
2025-08-11,2025-10-10,17853.65,call,44.16,48.81,46.48,18000,0.1992,60
2025-08-11,2025-11-09,19728.12,call,35.76,39.53,37.64,18000,0.1847,90
2025-08-11,2025-09-10,17064.52,call,78.68,86.96,82.82,18000,0.2037,30
2025-08-11,2025-09-10,16699.78,put,119.1,131.64,125.37,18000,0.168,30
2025-08-11,2025-08-18,19428.44,call,166.4,183.92,175.16,18000,0.2015,7
2025-08-11,2025-11-09,16892.24,call,59.01,65.22,62.11,18000,0.2322,90
2025-08-11,2025-08-25,16837.24,call,91.39,101.01,96.2,18000,0.2049,14
2025-08-11,2025-10-10,16942.8,put,56.45,62.39,59.42,18000,0.1629,60
2025-08-11,2025-09-10,16341.52,call,117.61,129.99,123.8,18000,0.1981,30
2025-08-11,2025-09-10,19515.14,call,148.48,164.11,156.29,18000,0.1503,30
2025-08-11,2025-08-18,18350.2,put,63.35,70.02,66.68,18000,0.1709,7
2025-08-11,2025-08-25,18935.84,put,127.82,141.27,134.54,18000,0.1963,14
2025-08-11,2025-09-10,17108.77,call,144.4,159.6,152.0,18000,0.2187,30
2025-08-11,2025-09-10,18115.61,call,60.56,66.93,63.75,18000,0.2367,30
2025-08-11,2025-09-10,17072.89,call,31.17,34.45,32.81,18000,0.2237,30
2025-08-11,2025-08-18,19226.56,put,20.48,22.64,21.56,18000,0.1827,7
2025-08-11,2025-08-18,17434.54,call,134.95,149.15,142.05,18000,0.2179,7
2025-08-11,2025-11-09,17926.5,put,100.35,110.91,105.63,18000,0.2037,90
2025-08-11,2025-08-18,18232.05,put,62.09,68.62,65.35,18000,0.1784,7
2025-08-11,2025-08-25,18387.2,call,168.69,186.45,177.57,18000,0.1856,14
2025-08-11,2025-11-09,19561.29,call,26.14,28.89,27.51,18000,0.1602,90
2025-08-11,2025-10-10,19262.94,put,29.65,32.77,31.21,18000,0.1785,60
2025-08-11,2025-08-18,16488.84,call,119.18,131.73,125.45,18000,0.1518,7
2025-08-11,2025-08-25,18273.59,call,139.72,154.43,147.07,18000,0.2366,14
2025-08-11,2025-08-18,17966.7,put,158.92,175.65,167.29,18000,0.2169,7
2025-08-11,2025-09-10,18257.81,call,35.07,38.76,36.91,18000,0.2339,30
2025-08-11,2025-08-25,17365.25,call,125.9,139.15,132.52,18000,0.17,14
2025-08-11,2025-10-10,16613.41,put,14.93,16.5,15.71,18000,0.2268,60
2025-08-11,2025-09-10,19555.25,call,8.86,9.79,9.33,18000,0.2033,30
2025-08-11,2025-08-25,17835.36,call,169.28,187.1,178.19,18000,0.1563,14
2025-08-11,2025-11-09,18664.46,put,116.54,128.8,122.67,18000,0.1755,90
2025-08-11,2025-08-18,16620.11,call,70.42,77.84,74.13,18000,0.1972,7
2025-08-11,2025-08-18,19262.62,put,21.25,23.49,22.37,18000,0.2465,7
2025-08-11,2025-09-10,19578.03,put,158.42,175.1,166.76,18000,0.1879,30
2025-08-11,2025-10-10,19230.58,put,128.34,141.84,135.09,18000,0.2328,60
2025-08-11,2025-10-10,16789.16,call,40.3,44.55,42.42,18000,0.1686,60
2025-08-11,2025-08-25,19468.32,call,67.11,74.17,70.64,18000,0.2377,14
2025-08-11,2025-09-10,18446.77,call,85.97,95.01,90.49,18000,0.2248,30
2025-08-11,2025-08-18,17479.3,call,92.95,102.73,97.84,18000,0.1884,7
2025-08-11,2025-09-10,18154.26,put,107.34,118.64,112.99,18000,0.244,30
2025-08-11,2025-08-25,16701.38,call,84.72,93.64,89.18,18000,0.2379,14
2025-08-11,2025-09-10,19038.95,put,120.89,133.62,127.26,18000,0.2252,30
2025-08-11,2025-09-10,18878.21,put,122.1,134.96,128.53,18000,0.1705,30
2025-08-11,2025-11-09,19356.36,call,91.74,101.39,96.57,18000,0.1603,90
2025-08-11,2025-10-10,17845.2,put,136.34,150.69,143.51,18000,0.1897,60
2025-08-11,2025-11-09,17950.89,put,123.13,136.09,129.61,18000,0.2222,90
2025-08-11,2025-09-10,18698.21,put,102.43,113.22,107.83,18000,0.2216,30
2025-08-11,2025-10-10,16853.75,put,38.88,42.97,40.92,18000,0.1843,60
2025-08-11,2025-08-25,19610.22,put,23.79,26.29,25.04,18000,0.2412,14
2025-08-11,2025-08-25,18401.24,call,101.4,112.07,106.73,18000,0.2226,14
2025-08-11,2025-10-10,18234.48,put,3.94,4.35,4.14,18000,0.229,60
2025-08-11,2025-08-25,18976.49,call,72.53,80.16,76.34,18000,0.2107,14
2025-08-11,2025-11-09,16575.29,call,77.09,85.21,81.15,18000,0.2426,90
2025-08-11,2025-11-09,19745.43,put,143.21,158.29,150.75,18000,0.1686,90
2025-08-11,2025-08-18,19331.63,call,103.95,114.89,109.42,18000,0.1727,7
2025-08-11,2025-08-18,18879.3,put,0.79,0.88,0.83,18000,0.2303,7
2025-08-11,2025-08-18,16611.36,put,157.3,173.85,165.57,18000,0.2037,7
2025-08-11,2025-08-25,17876.52,call,77.33,85.47,81.4,18000,0.2238,14
2025-08-11,2025-09-10,16318.25,call,30.16,33.34,31.75,18000,0.1641,30
2025-08-11,2025-10-10,17708.13,put,133.46,147.51,140.49,18000,0.1811,60
2025-08-11,2025-09-10,18476.15,put,88.09,97.37,92.73,18000,0.1713,30
2025-08-11,2025-08-18,19659.85,call,147.17,162.66,154.91,18000,0.2057,7
2025-08-11,2025-11-09,16864.07,call,11.47,12.68,12.07,18000,0.2095,90
2025-08-11,2025-09-10,16955.66,call,80.07,88.5,84.28,18000,0.1849,30
2025-08-11,2025-08-18,16331.58,put,100.45,111.03,105.74,18000,0.2337,7
2025-08-11,2025-08-18,18991.9,call,91.39,101.01,96.2,18000,0.2028,7
2025-08-11,2025-08-18,17642.75,put,17.61,19.46,18.54,18000,0.2265,7
2025-08-11,2025-11-09,16471.81,call,46.3,51.17,48.73,18000,0.1873,90
2025-08-11,2025-08-25,17671.44,call,143.6,158.72,151.16,18000,0.2479,14
2025-08-11,2025-11-09,17668.74,call,39.51,43.67,41.59,18000,0.1722,90
2025-08-11,2025-09-10,18019.83,put,136.79,151.18,143.98,18000,0.1604,30
2025-08-11,2025-09-10,19394.86,put,17.0,18.79,17.9,18000,0.1738,30
2025-08-11,2025-09-10,19665.54,put,35.05,38.74,36.9,18000,0.2168,30
2025-08-11,2025-08-25,16246.81,call,145.03,160.3,152.66,18000,0.2236,14
2025-08-11,2025-11-09,19355.2,call,152.65,168.71,160.68,18000,0.1921,90
2025-08-11,2025-11-09,17430.54,put,62.08,68.62,65.35,18000,0.2325,90
2025-08-11,2025-10-10,19190.36,call,94.4,104.34,99.37,18000,0.1909,60
2025-08-11,2025-08-25,19299.84,call,130.58,144.32,137.45,18000,0.2448,14
2025-08-11,2025-08-18,19326.48,put,80.55,89.03,84.79,18000,0.2485,7
2025-08-11,2025-08-18,17945.2,call,92.62,102.37,97.49,18000,0.1769,7
2025-08-11,2025-11-09,17649.18,call,142.77,157.8,150.29,18000,0.1639,90
2025-08-11,2025-10-10,16676.19,call,46.56,51.47,49.02,18000,0.1672,60
2025-08-11,2025-09-10,19161.3,put,98.58,108.96,103.77,18000,0.1618,30
2025-08-11,2025-08-25,18195.04,call,123.15,136.12,129.64,18000,0.1997,14
2025-08-11,2025-11-09,16239.58,call,45.57,50.37,47.97,18000,0.1764,90
2025-08-11,2025-09-10,18350.69,put,84.52,93.42,88.97,18000,0.2133,30
2025-08-11,2025-08-25,19491.88,put,131.83,145.7,138.76,18000,0.1904,14
2025-08-11,2025-08-25,16798.62,call,15.45,17.07,16.26,18000,0.1684,14
2025-08-11,2025-09-10,17083.26,call,74.76,82.63,78.69,18000,0.2337,30
2025-08-11,2025-10-10,18788.57,call,162.33,179.42,170.88,18000,0.211,60
2025-08-11,2025-11-09,17941.52,put,44.85,49.57,47.21,18000,0.1531,90
2025-08-11,2025-09-10,19229.51,call,102.06,112.8,107.43,18000,0.1996,30
2025-08-11,2025-08-25,18444.0,put,12.85,14.2,13.52,18000,0.1607,14
2025-08-11,2025-08-18,17686.06,call,74.36,82.18,78.27,18000,0.2188,7
2025-08-11,2025-09-10,19148.77,call,165.48,182.9,174.19,18000,0.1502,30
2025-08-11,2025-08-25,16571.14,call,156.86,173.37,165.12,18000,0.1592,14
2025-08-11,2025-11-09,19044.05,call,31.66,34.99,33.32,18000,0.1946,90
2025-08-11,2025-09-10,18836.01,call,123.82,136.86,130.34,18000,0.2259,30
2025-08-11,2025-08-18,19452.11,put,168.89,186.67,177.78,18000,0.1721,7
2025-08-11,2025-11-09,18611.7,put,158.22,174.87,166.54,18000,0.2206,90
2025-08-11,2025-08-25,18244.6,put,20.61,22.78,21.69,18000,0.1813,14
2025-08-11,2025-08-18,16893.36,put,161.47,178.47,169.97,18000,0.2471,7
2025-08-11,2025-08-25,18882.23,put,54.57,60.31,57.44,18000,0.2345,14
2025-08-11,2025-08-25,18520.37,put,39.33,43.47,41.4,18000,0.2096,14
2025-08-11,2025-10-10,17931.82,call,58.12,64.24,61.18,18000,0.2196,60
2025-08-11,2025-10-10,18260.74,put,135.21,149.45,142.33,18000,0.2039,60
2025-08-11,2025-08-18,18856.28,call,105.31,116.4,110.86,18000,0.2386,7
2025-08-11,2025-08-25,16287.84,put,0.04,0.04,0.04,18000,0.249,14
2025-08-11,2025-11-09,18104.17,put,11.98,13.24,12.61,18000,0.2433,90
2025-08-11,2025-10-10,16389.66,call,82.06,90.7,86.38,18000,0.1902,60
2025-08-11,2025-08-18,18290.73,put,131.37,145.2,138.29,18000,0.2484,7
2025-08-11,2025-08-18,17410.93,put,40.83,45.13,42.98,18000,0.2238,7
2025-08-11,2025-09-10,17882.32,put,50.67,56.0,53.34,18000,0.1787,30
2025-08-11,2025-11-09,16351.54,call,7.71,8.52,8.12,18000,0.241,90
2025-08-11,2025-08-18,17609.87,put,162.44,179.54,170.99,18000,0.1718,7
2025-08-11,2025-11-09,17132.34,put,150.33,166.15,158.24,18000,0.1918,90
2025-08-11,2025-09-10,19453.41,put,169.49,187.33,178.41,18000,0.1667,30
2025-08-11,2025-09-10,17645.69,call,103.92,114.86,109.39,18000,0.215,30
2025-08-11,2025-11-09,16633.22,call,37.7,41.67,39.69,18000,0.1677,90
2025-08-11,2025-08-18,19646.17,put,9.89,10.93,10.41,18000,0.185,7
2025-08-11,2025-08-18,18065.74,put,29.74,32.87,31.3,18000,0.2495,7
2025-08-11,2025-08-25,18054.89,put,26.32,29.09,27.7,18000,0.2196,14
2025-08-11,2025-09-10,17007.99,put,5.96,6.59,6.28,18000,0.2248,30
2025-08-11,2025-10-10,18288.31,put,66.89,73.93,70.41,18000,0.1957,60
2025-08-11,2025-09-10,16666.25,call,145.73,161.06,153.39,18000,0.1544,30
2025-08-11,2025-08-25,19114.26,put,125.72,138.96,132.34,18000,0.2432,14
2025-08-11,2025-08-25,17670.43,call,118.97,131.49,125.23,18000,0.1505,14
2025-08-11,2025-08-25,18117.37,call,116.84,129.14,122.99,18000,0.172,14
2025-08-11,2025-11-09,19769.31,put,82.18,90.83,86.51,18000,0.1995,90
2025-08-11,2025-11-09,19463.45,call,115.94,128.15,122.04,18000,0.1848,90
2025-08-11,2025-09-10,19312.17,call,136.36,150.71,143.54,18000,0.2379,30
2025-08-11,2025-10-10,19262.09,call,57.12,63.13,60.12,18000,0.166,60
2025-08-11,2025-11-09,18710.9,put,119.53,132.11,125.82,18000,0.1606,90
2025-08-11,2025-10-10,16770.98,call,79.6,87.97,83.78,18000,0.2461,60
2025-08-11,2025-08-25,16663.93,call,155.39,171.74,163.57,18000,0.1729,14
2025-08-11,2025-08-25,19144.68,put,44.24,48.89,46.56,18000,0.2257,14
2025-08-11,2025-08-25,17233.34,put,95.73,105.81,100.77,18000,0.1826,14
2025-08-11,2025-08-25,18482.42,put,21.96,24.28,23.12,18000,0.2319,14
2025-08-11,2025-09-10,18939.7,put,143.66,158.78,151.22,18000,0.1932,30
2025-08-11,2025-10-10,18477.44,put,134.89,149.08,141.99,18000,0.2254,60
2025-08-11,2025-10-10,18676.39,put,28.45,31.45,29.95,18000,0.2447,60
2025-08-11,2025-10-10,16442.46,put,9.9,10.95,10.43,18000,0.1974,60
2025-08-11,2025-09-10,19268.69,put,165.68,183.12,174.4,18000,0.2473,30
2025-08-11,2025-10-10,18531.27,put,4.2,4.65,4.43,18000,0.2258,60
2025-08-11,2025-09-10,19157.45,call,131.74,145.61,138.67,18000,0.1989,30
2025-08-11,2025-08-25,16203.71,put,170.51,188.46,179.48,18000,0.1774,14
2025-08-11,2025-08-18,16567.9,call,135.91,150.22,143.07,18000,0.1664,7
2025-08-11,2025-11-09,17274.15,put,116.37,128.61,122.49,18000,0.1582,90
2025-08-11,2025-09-10,17183.73,call,5.35,5.92,5.63,18000,0.2463,30
2025-08-11,2025-11-09,19597.02,put,164.93,182.29,173.61,18000,0.2357,90
2025-08-11,2025-09-10,17187.17,call,54.85,60.62,57.73,18000,0.1812,30
2025-08-11,2025-08-25,16967.18,put,122.25,135.12,128.69,18000,0.2368,14
2025-08-11,2025-08-25,19311.69,put,27.23,30.1,28.66,18000,0.2043,14
2025-08-11,2025-08-18,19327.04,call,77.58,85.75,81.66,18000,0.1654,7
2025-08-11,2025-08-25,18939.69,call,50.3,55.6,52.95,18000,0.2297,14
2025-08-11,2025-10-10,19683.04,put,82.34,91.01,86.67,18000,0.2297,60
2025-08-11,2025-08-18,18386.3,put,34.29,37.9,36.09,18000,0.193,7
2025-08-11,2025-08-18,16778.97,put,46.0,50.84,48.42,18000,0.2082,7
2025-08-11,2025-09-10,19743.67,call,12.39,13.69,13.04,18000,0.1512,30
2025-08-11,2025-08-25,17927.78,call,112.34,124.17,118.26,18000,0.2222,14
2025-08-11,2025-08-18,19296.44,put,123.85,136.89,130.37,18000,0.2408,7
2025-08-11,2025-09-10,16577.75,call,97.62,107.9,102.76,18000,0.1603,30
2025-08-11,2025-10-10,18728.87,put,160.95,177.89,169.42,18000,0.2276,60
2025-08-11,2025-08-18,18063.76,call,14.11,15.59,14.85,18000,0.2383,7
2025-08-11,2025-11-09,16482.88,put,167.15,184.74,175.94,18000,0.1822,90
2025-08-11,2025-08-25,18682.07,put,7.04,7.78,7.41,18000,0.2321,14
2025-08-11,2025-10-10,16576.44,call,153.25,169.39,161.32,18000,0.1624,60
2025-08-11,2025-08-18,19570.36,call,51.1,56.48,53.79,18000,0.2113,7
2025-08-11,2025-10-10,19335.49,put,133.97,148.07,141.02,18000,0.2125,60
2025-08-11,2025-09-10,17943.83,call,93.64,103.49,98.57,18000,0.2395,30
2025-08-11,2025-08-25,19021.8,call,90.01,99.49,94.75,18000,0.2144,14
2025-08-11,2025-08-25,17778.99,put,42.25,46.7,44.48,18000,0.156,14
2025-08-11,2025-11-09,17925.4,call,166.87,184.44,175.66,18000,0.1719,90
2025-08-11,2025-10-10,18879.4,call,112.64,124.5,118.57,18000,0.229,60
2025-08-11,2025-09-10,16782.02,put,39.07,43.18,41.12,18000,0.2219,30
2025-08-11,2025-08-18,17975.8,put,116.32,128.56,122.44,18000,0.17,7
2025-08-11,2025-11-09,17706.24,call,79.11,87.44,83.27,18000,0.1758,90
2025-08-11,2025-11-09,18817.81,call,107.52,118.84,113.18,18000,0.2346,90
2025-08-11,2025-10-10,17535.74,put,92.9,102.68,97.79,18000,0.2005,60
2025-08-11,2025-09-10,18283.23,put,67.63,74.75,71.19,18000,0.1529,30
2025-08-11,2025-10-10,19344.32,put,112.01,123.8,117.9,18000,0.2293,60
2025-08-11,2025-09-10,18332.46,put,65.64,72.55,69.09,18000,0.1859,30
2025-08-11,2025-08-25,18473.62,call,132.7,146.66,139.68,18000,0.1736,14
2025-08-11,2025-10-10,19472.52,call,63.76,70.47,67.11,18000,0.2133,60
2025-08-11,2025-08-25,16851.52,call,74.76,82.62,78.69,18000,0.1569,14
2025-08-11,2025-10-10,17658.07,put,61.43,67.9,64.66,18000,0.2015,60
2025-08-11,2025-08-25,16542.94,call,165.77,183.22,174.49,18000,0.1891,14
2025-08-11,2025-08-25,19288.75,call,132.26,146.19,139.23,18000,0.1825,14
2025-08-11,2025-10-10,19691.36,call,151.11,167.02,159.07,18000,0.1735,60
2025-08-11,2025-08-25,17815.6,put,73.68,81.44,77.56,18000,0.2329,14
2025-08-11,2025-10-10,18316.38,put,28.56,31.57,30.07,18000,0.2207,60
2025-08-11,2025-10-10,17565.69,call,113.51,125.46,119.48,18000,0.2236,60
2025-08-11,2025-11-09,19014.45,put,100.1,110.63,105.36,18000,0.2306,90
2025-08-11,2025-10-10,18143.66,put,9.76,10.79,10.28,18000,0.177,60
2025-08-11,2025-11-09,19571.78,call,38.42,42.47,40.45,18000,0.214,90
2025-08-11,2025-11-09,19561.95,call,99.98,110.5,105.24,18000,0.1603,90
2025-08-11,2025-10-10,16734.04,call,117.3,129.65,123.47,18000,0.198,60
2025-08-11,2025-08-25,17363.27,call,77.76,85.95,81.85,18000,0.2368,14
2025-08-11,2025-09-10,17959.85,put,21.5,23.77,22.63,18000,0.2032,30
2025-08-11,2025-11-09,16716.75,put,115.16,127.28,121.22,18000,0.1702,90
2025-08-11,2025-08-25,16878.06,call,75.88,83.87,79.88,18000,0.2173,14
2025-08-11,2025-11-09,19668.05,call,143.32,158.4,150.86,18000,0.2193,90
2025-08-11,2025-08-25,17547.47,put,105.65,116.77,111.21,18000,0.1997,14
2025-08-11,2025-08-18,16309.39,put,157.09,173.63,165.36,18000,0.2296,7
2025-08-11,2025-08-18,16976.43,put,114.05,126.06,120.05,18000,0.2327,7
2025-08-11,2025-08-18,16583.73,put,103.45,114.34,108.89,18000,0.1659,7
2025-08-11,2025-08-18,19319.18,call,133.79,147.87,140.83,18000,0.2371,7
2025-08-11,2025-11-09,17239.27,call,69.11,76.38,72.75,18000,0.2379,90
2025-08-11,2025-10-10,18603.34,put,150.12,165.92,158.02,18000,0.2401,60
2025-08-11,2025-09-10,19328.04,call,93.11,102.91,98.01,18000,0.162,30
2025-08-11,2025-08-18,17382.17,call,67.75,74.88,71.31,18000,0.1866,7
2025-08-11,2025-11-09,17569.51,call,40.62,44.9,42.76,18000,0.1949,90
2025-08-11,2025-08-18,17799.91,put,103.19,114.05,108.62,18000,0.1573,7
2025-08-11,2025-08-25,18933.64,call,147.63,163.17,155.4,18000,0.188,14
2025-08-11,2025-08-25,17925.05,call,18.63,20.59,19.61,18000,0.2314,14
2025-08-11,2025-11-09,17635.76,call,81.51,90.1,85.81,18000,0.1746,90
2025-08-11,2025-09-10,18953.58,put,122.35,135.23,128.79,18000,0.2247,30
2025-08-11,2025-09-10,16265.64,call,153.34,169.48,161.41,18000,0.1931,30
2025-08-11,2025-11-09,19432.91,call,64.99,71.83,68.41,18000,0.2155,90
2025-08-11,2025-10-10,19563.97,put,28.44,31.44,29.94,18000,0.1695,60
2025-08-11,2025-10-10,17124.4,put,158.96,175.7,167.33,18000,0.217,60
2025-08-11,2025-10-10,18140.98,put,122.72,135.63,129.17,18000,0.159,60
2025-08-11,2025-08-25,17181.45,put,89.34,98.75,94.05,18000,0.2323,14
2025-08-11,2025-10-10,16853.18,call,50.49,55.81,53.15,18000,0.1685,60
2025-08-11,2025-08-18,18242.32,put,72.59,80.24,76.41,18000,0.2418,7
2025-08-11,2025-08-18,17544.63,call,162.69,179.82,171.25,18000,0.2133,7
2025-08-11,2025-11-09,19383.14,call,110.57,122.21,116.39,18000,0.2294,90
2025-08-11,2025-08-25,17498.78,put,60.44,66.8,63.62,18000,0.24,14
2025-08-11,2025-08-25,17120.32,put,140.67,155.47,148.07,18000,0.1775,14
2025-08-11,2025-10-10,18617.13,call,106.68,117.91,112.29,18000,0.1596,60
2025-08-11,2025-08-18,17726.2,call,126.01,139.27,132.64,18000,0.1668,7
2025-08-11,2025-08-25,17902.41,call,4.04,4.47,4.25,18000,0.1596,14
2025-08-11,2025-09-10,18385.54,put,43.93,48.55,46.24,18000,0.2138,30
2025-08-11,2025-11-09,18340.11,put,46.95,51.89,49.42,18000,0.1642,90
2025-08-11,2025-11-09,18633.03,put,122.71,135.63,129.17,18000,0.1928,90
2025-08-11,2025-08-18,16256.96,put,17.8,19.68,18.74,18000,0.1628,7
2025-08-11,2025-08-25,17414.02,put,13.58,15.01,14.3,18000,0.1774,14
2025-08-11,2025-11-09,19419.09,call,62.75,69.35,66.05,18000,0.1901,90
2025-08-11,2025-08-18,18421.76,call,11.56,12.78,12.17,18000,0.2019,7
2025-08-11,2025-11-09,16451.75,put,150.49,166.33,158.41,18000,0.204,90
2025-08-11,2025-08-25,18648.47,put,56.94,62.94,59.94,18000,0.1824,14
2025-08-11,2025-08-25,19778.9,put,170.23,188.15,179.19,18000,0.1863,14
2025-08-11,2025-10-10,16416.51,put,164.44,181.75,173.1,18000,0.1589,60
2025-08-11,2025-11-09,18684.02,call,70.02,77.39,73.71,18000,0.167,90
2025-08-11,2025-08-18,19158.5,put,113.7,125.67,119.68,18000,0.1848,7
2025-08-11,2025-10-10,17909.59,put,68.28,75.47,71.88,18000,0.1735,60
2025-08-11,2025-11-09,18853.85,put,143.99,159.14,151.57,18000,0.204,90
2025-08-11,2025-11-09,16534.54,put,129.15,142.75,135.95,18000,0.1589,90
2025-08-11,2025-08-18,18390.55,put,121.2,133.95,127.57,18000,0.2282,7
2025-08-11,2025-10-10,17291.26,put,65.14,71.99,68.56,18000,0.1842,60
2025-08-11,2025-08-25,19573.05,call,141.12,155.98,148.55,18000,0.201,14
2025-08-11,2025-08-25,18362.14,call,134.45,148.61,141.53,18000,0.1662,14
2025-08-11,2025-10-10,19265.13,put,67.92,75.07,71.49,18000,0.2001,60
2025-08-11,2025-08-25,18460.62,put,148.44,164.06,156.25,18000,0.2378,14
2025-08-11,2025-09-10,19044.11,put,55.15,60.96,58.06,18000,0.2319,30
2025-08-11,2025-09-10,16824.69,put,163.7,180.93,172.32,18000,0.1724,30
2025-08-11,2025-08-25,18507.5,call,81.97,90.6,86.28,18000,0.2075,14
2025-08-11,2025-08-18,19521.93,put,153.6,169.77,161.69,18000,0.1639,7
2025-08-11,2025-11-09,17343.11,call,25.03,27.66,26.35,18000,0.1899,90
2025-08-11,2025-11-09,16638.34,call,23.11,25.55,24.33,18000,0.1526,90
2025-08-11,2025-10-10,16487.88,put,73.96,81.74,77.85,18000,0.2466,60
2025-08-11,2025-11-09,19571.22,put,18.07,19.97,19.02,18000,0.194,90
2025-08-11,2025-11-09,16263.68,put,26.0,28.73,27.36,18000,0.215,90
2025-08-11,2025-09-10,18231.99,put,9.95,10.99,10.47,18000,0.196,30
2025-08-11,2025-09-10,18915.31,call,168.21,185.92,177.06,18000,0.2195,30
2025-08-11,2025-09-10,16814.39,call,51.86,57.32,54.59,18000,0.1621,30
2025-08-11,2025-09-10,16839.96,put,87.11,96.28,91.7,18000,0.1562,30
2025-08-11,2025-08-18,17037.52,put,106.69,117.92,112.3,18000,0.1806,7
2025-08-11,2025-10-10,19252.86,put,151.61,167.57,159.59,18000,0.1631,60
2025-08-11,2025-11-09,17475.25,call,141.51,156.4,148.96,18000,0.1914,90
2025-08-11,2025-11-09,17593.48,call,71.16,78.65,74.91,18000,0.1511,90
2025-08-11,2025-09-10,17706.89,put,130.01,143.69,136.85,18000,0.176,30
2025-08-11,2025-08-25,16882.9,call,2.07,2.29,2.18,18000,0.1715,14
2025-08-11,2025-08-25,18465.48,call,164.09,181.36,172.72,18000,0.2302,14
2025-08-11,2025-10-10,17537.07,call,77.7,85.88,81.79,18000,0.2048,60
2025-08-11,2025-10-10,17157.67,call,25.66,28.36,27.01,18000,0.1988,60
2025-08-11,2025-10-10,17076.52,put,64.28,71.04,67.66,18000,0.1976,60
2025-08-11,2025-10-10,19294.43,put,152.55,168.6,160.58,18000,0.2285,60
2025-08-11,2025-08-18,16567.74,put,117.67,130.06,123.86,18000,0.1815,7
2025-08-11,2025-10-10,16475.1,call,6.57,7.26,6.92,18000,0.2341,60
2025-08-11,2025-10-10,19012.21,put,112.75,124.62,118.68,18000,0.2137,60
2025-08-11,2025-09-10,17820.45,call,11.4,12.6,12.0,18000,0.2114,30
2025-08-11,2025-11-09,16740.61,put,75.8,83.78,79.79,18000,0.2488,90
2025-08-11,2025-11-09,16336.88,call,12.33,13.62,12.98,18000,0.2216,90
2025-08-11,2025-09-10,16243.59,call,66.28,73.26,69.77,18000,0.2009,30
2025-08-11,2025-10-10,17458.93,call,134.04,148.15,141.09,18000,0.2442,60
2025-08-11,2025-09-10,16826.79,call,142.02,156.97,149.5,18000,0.205,30
2025-08-11,2025-08-25,16275.4,put,153.71,169.89,161.8,18000,0.2015,14
2025-08-11,2025-08-18,19713.57,call,20.76,22.94,21.85,18000,0.1706,7
2025-08-11,2025-10-10,18988.68,call,81.78,90.39,86.09,18000,0.246,60
2025-08-11,2025-08-25,17359.98,put,167.57,185.21,176.39,18000,0.1793,14
2025-08-11,2025-11-09,18296.72,call,105.42,116.52,110.97,18000,0.2021,90
2025-08-11,2025-08-25,16661.14,call,102.35,113.12,107.74,18000,0.1611,14
2025-08-11,2025-08-18,17539.8,call,66.46,73.46,69.96,18000,0.205,7
2025-08-11,2025-08-25,19595.07,put,115.59,127.76,121.68,18000,0.2428,14
2025-08-11,2025-09-10,19392.93,put,114.82,126.9,120.86,18000,0.2492,30
2025-08-11,2025-08-18,17130.35,call,129.11,142.7,135.91,18000,0.1752,7
2025-08-11,2025-11-09,19722.23,put,132.77,146.75,139.76,18000,0.2228,90
2025-08-11,2025-10-10,16393.89,put,168.38,186.1,177.24,18000,0.2045,60
2025-08-11,2025-10-10,16355.43,put,117.19,129.52,123.35,18000,0.1608,60
2025-08-11,2025-10-10,19144.03,call,25.77,28.48,27.12,18000,0.1988,60
2025-08-11,2025-10-10,18838.09,call,127.13,140.51,133.82,18000,0.2258,60
2025-08-11,2025-09-10,17271.17,call,16.03,17.72,16.88,18000,0.1652,30
2025-08-11,2025-10-10,18490.65,put,27.51,30.4,28.95,18000,0.1934,60
2025-08-11,2025-08-25,16233.59,call,150.73,166.59,158.66,18000,0.2242,14
2025-08-11,2025-10-10,16557.04,put,112.44,124.28,118.36,18000,0.238,60
2025-08-11,2025-08-18,18198.31,put,105.16,116.23,110.7,18000,0.2315,7
2025-08-11,2025-08-25,17479.38,call,89.63,99.07,94.35,18000,0.2039,14
2025-08-11,2025-08-25,18939.57,put,1.89,2.08,1.99,18000,0.2333,14
2025-08-11,2025-08-18,19649.06,call,129.32,142.93,136.13,18000,0.2178,7
2025-08-11,2025-09-10,19786.8,put,110.02,121.6,115.81,18000,0.1885,30
2025-08-11,2025-08-25,19390.3,call,113.38,125.31,119.35,18000,0.1638,14
2025-08-11,2025-11-09,16304.66,put,135.81,150.1,142.96,18000,0.1855,90
2025-08-11,2025-10-10,17648.38,call,109.84,121.4,115.62,18000,0.1981,60
2025-08-11,2025-11-09,18287.94,call,9.03,9.98,9.5,18000,0.2203,90
2025-08-11,2025-08-25,18357.73,call,141.08,155.93,148.51,18000,0.177,14
2025-08-11,2025-08-18,18491.37,call,57.15,63.17,60.16,18000,0.1559,7
2025-08-11,2025-08-25,18747.65,call,88.97,98.34,93.65,18000,0.2325,14
2025-08-11,2025-11-09,16730.83,call,40.33,44.58,42.45,18000,0.2236,90
2025-08-11,2025-10-10,16425.15,put,170.72,188.69,179.7,18000,0.2236,60
2025-08-11,2025-10-10,17278.0,call,108.79,120.24,114.51,18000,0.1921,60
2025-08-11,2025-09-10,18669.28,call,65.64,72.54,69.09,18000,0.234,30
2025-08-11,2025-08-18,19621.13,call,61.94,68.46,65.2,18000,0.1684,7
2025-08-11,2025-08-25,16795.06,call,142.22,157.19,149.71,18000,0.1524,14
2025-08-11,2025-11-09,18711.61,call,160.86,177.79,169.32,18000,0.1799,90
2025-08-11,2025-08-25,19269.82,put,143.97,159.13,151.55,18000,0.2373,14
2025-08-11,2025-11-09,17931.26,call,82.59,91.28,86.93,18000,0.1958,90
2025-08-11,2025-08-25,16490.17,call,155.51,171.87,163.69,18000,0.2404,14
2025-08-11,2025-08-18,16225.31,call,104.35,115.33,109.84,18000,0.1659,7
2025-08-11,2025-10-10,17635.81,put,163.58,180.8,172.19,18000,0.2157,60
2025-08-11,2025-10-10,16360.54,put,42.23,46.68,44.46,18000,0.1762,60
2025-08-11,2025-10-10,19033.66,put,129.86,143.53,136.69,18000,0.1772,60
2025-08-11,2025-08-25,19241.24,put,83.37,92.15,87.76,18000,0.1565,14
2025-08-11,2025-09-10,16425.55,put,59.15,65.38,62.27,18000,0.2062,30
2025-08-11,2025-08-25,17679.94,call,40.49,44.75,42.62,18000,0.1586,14
2025-08-11,2025-09-10,19668.22,call,67.28,74.36,70.82,18000,0.2382,30
2025-08-11,2025-08-25,17707.66,put,84.56,93.46,89.01,18000,0.2124,14
2025-08-11,2025-11-09,17123.51,call,32.69,36.14,34.41,18000,0.2225,90
2025-08-11,2025-08-18,17870.16,call,165.42,182.83,174.12,18000,0.2447,7
2025-08-11,2025-11-09,16610.74,put,71.48,79.0,75.24,18000,0.222,90
2025-08-11,2025-08-18,19262.22,call,167.67,185.32,176.49,18000,0.2045,7
2025-08-11,2025-11-09,19296.5,put,135.38,149.63,142.51,18000,0.2043,90
2025-08-11,2025-08-18,18156.74,put,144.82,160.07,152.45,18000,0.1726,7
2025-08-11,2025-08-25,16796.79,put,36.95,40.84,38.9,18000,0.2164,14
2025-08-11,2025-08-25,17864.26,put,128.13,141.61,134.87,18000,0.196,14
2025-08-11,2025-10-10,16424.18,put,60.87,67.28,64.08,18000,0.1612,60
2025-08-11,2025-09-10,16387.04,call,58.1,64.22,61.16,18000,0.1997,30
2025-08-11,2025-11-09,16792.94,call,128.95,142.53,135.74,18000,0.2258,90
2025-08-11,2025-11-09,18574.67,put,40.83,45.13,42.98,18000,0.2371,90
2025-08-11,2025-08-18,18216.66,put,4.65,5.13,4.89,18000,0.2272,7
2025-08-11,2025-08-18,16538.95,call,92.12,101.81,96.97,18000,0.2409,7
2025-08-11,2025-10-10,19074.04,call,140.58,155.38,147.98,18000,0.2157,60
2025-08-11,2025-08-25,16536.27,call,34.84,38.51,36.68,18000,0.2464,14
2025-08-11,2025-08-25,16538.53,put,98.77,109.17,103.97,18000,0.2293,14
2025-08-11,2025-11-09,17324.46,call,156.48,172.95,164.72,18000,0.1896,90
2025-08-11,2025-08-25,16768.64,put,28.39,31.38,29.89,18000,0.2058,14
2025-08-11,2025-09-10,17507.16,call,168.18,185.89,177.03,18000,0.1777,30
2025-08-11,2025-08-18,18353.21,call,152.87,168.96,160.92,18000,0.1684,7
2025-08-11,2025-10-10,19153.36,call,105.22,116.29,110.75,18000,0.194,60
2025-08-11,2025-09-10,19376.7,put,54.66,60.42,57.54,18000,0.224,30
2025-08-11,2025-08-18,17703.94,call,124.01,137.06,130.53,18000,0.1622,7
2025-08-11,2025-08-25,16797.44,put,112.2,124.01,118.1,18000,0.248,14
2025-08-11,2025-09-10,18672.7,call,123.01,135.96,129.48,18000,0.2027,30
2025-08-11,2025-08-25,16955.11,put,32.05,35.42,33.73,18000,0.2231,14
2025-08-11,2025-11-09,17267.36,put,121.45,134.24,127.84,18000,0.2041,90
2025-08-11,2025-10-10,19757.04,put,78.53,86.8,82.67,18000,0.2322,60
2025-08-11,2025-11-09,17115.56,put,57.32,63.35,60.34,18000,0.2328,90
2025-08-11,2025-08-25,17079.62,put,17.21,19.02,18.11,18000,0.2326,14
2025-08-11,2025-11-09,17712.43,put,77.01,85.12,81.06,18000,0.1848,90
2025-08-11,2025-08-25,18409.6,call,60.26,66.6,63.43,18000,0.2121,14
2025-08-11,2025-11-09,19102.31,put,108.44,119.85,114.15,18000,0.2479,90
2025-08-11,2025-10-10,18861.46,put,117.36,129.72,123.54,18000,0.1825,60
2025-08-11,2025-10-10,18654.01,put,38.85,42.94,40.89,18000,0.2356,60
2025-08-11,2025-09-10,18698.94,call,61.62,68.11,64.87,18000,0.1716,30
2025-08-11,2025-11-09,16319.48,call,129.83,143.5,136.66,18000,0.1908,90
2025-08-11,2025-10-10,19336.34,call,10.11,11.17,10.64,18000,0.2307,60
2025-08-11,2025-08-25,18542.77,put,95.84,105.92,100.88,18000,0.2171,14
2025-08-11,2025-09-10,17603.13,put,147.84,163.4,155.62,18000,0.196,30
2025-08-11,2025-09-10,17685.94,call,72.26,79.86,76.06,18000,0.1611,30
2025-08-11,2025-08-18,17717.2,put,47.89,52.93,50.41,18000,0.2418,7
2025-08-11,2025-08-18,17251.99,call,119.58,132.17,125.88,18000,0.2326,7
2025-08-11,2025-10-10,16264.82,call,95.62,105.69,100.65,18000,0.2121,60
2025-08-11,2025-10-10,19185.82,put,76.92,85.02,80.97,18000,0.2135,60
2025-08-11,2025-11-09,18146.51,put,7.89,8.72,8.3,18000,0.1763,90
2025-08-11,2025-08-18,17887.56,call,12.7,14.03,13.36,18000,0.2325,7
2025-08-11,2025-08-18,17279.71,put,11.03,12.19,11.61,18000,0.2099,7
2025-08-11,2025-10-10,19268.15,call,58.21,64.34,61.27,18000,0.183,60
2025-08-11,2025-11-09,19217.35,put,99.66,110.15,104.91,18000,0.1535,90
2025-08-11,2025-08-25,18264.06,call,142.16,157.13,149.65,18000,0.1564,14
2025-08-11,2025-09-10,17958.15,call,155.55,171.92,163.73,18000,0.1594,30
2025-08-11,2025-10-10,19326.79,put,97.77,108.06,102.92,18000,0.2379,60
2025-08-11,2025-11-09,18700.02,put,74.32,82.14,78.23,18000,0.1817,90
2025-08-11,2025-08-18,17426.94,put,103.81,114.74,109.28,18000,0.1943,7
2025-08-11,2025-09-10,17802.89,call,40.6,44.87,42.74,18000,0.2203,30
2025-08-11,2025-10-10,16575.21,put,166.0,183.47,174.74,18000,0.2287,60
2025-08-11,2025-10-10,19621.91,put,168.24,185.95,177.09,18000,0.1973,60
2025-08-11,2025-08-18,16210.52,call,7.81,8.63,8.22,18000,0.1972,7
2025-08-11,2025-09-10,17196.53,call,80.88,89.39,85.13,18000,0.195,30
2025-08-11,2025-09-10,16905.95,call,81.1,89.64,85.37,18000,0.1947,30
2025-08-11,2025-08-18,18059.66,put,8.46,9.35,8.91,18000,0.2354,7
2025-08-11,2025-09-10,19238.13,call,137.24,151.69,144.47,18000,0.1839,30
2025-08-11,2025-08-18,16986.64,put,159.33,176.1,167.72,18000,0.1793,7
2025-08-11,2025-08-18,19140.06,call,19.47,21.52,20.49,18000,0.2117,7
2025-08-11,2025-09-10,19367.51,call,84.4,93.28,88.84,18000,0.2374,30
2025-08-11,2025-09-10,16361.47,call,46.98,51.92,49.45,18000,0.1631,30
2025-08-11,2025-08-18,17603.54,call,155.2,171.54,163.37,18000,0.1911,7
2025-08-11,2025-11-09,17129.42,call,140.87,155.7,148.28,18000,0.1809,90
2025-08-11,2025-10-10,19156.31,put,0.36,0.4,0.38,18000,0.2363,60
2025-08-11,2025-11-09,19186.52,call,117.41,129.77,123.59,18000,0.2104,90
2025-08-11,2025-08-25,18595.05,call,63.11,69.75,66.43,18000,0.1956,14
2025-08-11,2025-09-10,18346.76,put,12.14,13.42,12.78,18000,0.2251,30
2025-08-11,2025-08-25,17355.89,call,114.33,126.36,120.34,18000,0.2442,14
2025-08-11,2025-08-18,18527.22,call,1.73,1.91,1.82,18000,0.2094,7
2025-08-11,2025-08-25,16699.94,call,149.4,165.13,157.27,18000,0.2113,14
2025-08-11,2025-10-10,18496.36,call,11.36,12.56,11.96,18000,0.2402,60
2025-08-11,2025-08-25,16242.14,put,76.75,84.83,80.79,18000,0.2032,14
2025-08-11,2025-11-09,17637.73,call,95.53,105.58,100.56,18000,0.1623,90
2025-08-11,2025-08-18,18825.02,call,66.24,73.22,69.73,18000,0.1567,7
2025-08-11,2025-09-10,17747.75,call,92.77,102.54,97.66,18000,0.1578,30
2025-08-11,2025-08-25,18325.03,put,140.63,155.44,148.04,18000,0.2298,14
2025-08-11,2025-10-10,18285.36,call,54.53,60.27,57.4,18000,0.1931,60
2025-08-11,2025-08-25,17532.19,put,117.72,130.11,123.91,18000,0.2206,14
2025-08-11,2025-08-25,16800.7,call,7.66,8.46,8.06,18000,0.2146,14
2025-08-11,2025-08-18,17445.16,put,88.45,97.76,93.1,18000,0.184,7
2025-08-11,2025-08-25,18492.85,call,135.38,149.64,142.51,18000,0.1886,14
2025-08-11,2025-09-10,17320.38,put,90.82,100.38,95.6,18000,0.2347,30
2025-08-11,2025-10-10,18288.8,put,117.69,130.08,123.89,18000,0.1954,60
2025-08-11,2025-11-09,19699.29,put,86.43,95.53,90.98,18000,0.1528,90
2025-08-11,2025-09-10,16688.84,put,5.29,5.85,5.57,18000,0.1539,30
2025-08-11,2025-09-10,16776.09,put,25.15,27.79,26.47,18000,0.1813,30
2025-08-11,2025-11-09,17241.28,call,63.34,70.01,66.67,18000,0.2335,90
2025-08-11,2025-10-10,17330.28,call,170.12,188.03,179.07,18000,0.1944,60
2025-08-11,2025-08-18,19742.45,call,25.92,28.65,27.29,18000,0.2107,7
2025-08-11,2025-08-18,17587.84,put,167.6,185.24,176.42,18000,0.2274,7
2025-08-11,2025-08-18,18193.36,put,42.22,46.67,44.44,18000,0.1668,7
2025-08-11,2025-09-10,17482.27,put,33.28,36.78,35.03,18000,0.1759,30
2025-08-11,2025-08-18,18026.81,call,165.26,182.65,173.96,18000,0.177,7
2025-08-11,2025-10-10,17450.2,put,170.95,188.95,179.95,18000,0.2083,60
2025-08-11,2025-11-09,18454.44,call,133.79,147.87,140.83,18000,0.1707,90
2025-08-11,2025-09-10,19369.13,put,135.52,149.79,142.65,18000,0.1826,30
2025-08-11,2025-09-10,16924.72,call,145.79,161.13,153.46,18000,0.1648,30
2025-08-11,2025-11-09,18154.89,call,101.41,112.08,106.74,18000,0.1632,90
2025-08-11,2025-08-25,18799.72,call,6.49,7.18,6.84,18000,0.1958,14
2025-08-11,2025-09-10,18177.56,call,47.16,52.12,49.64,18000,0.2294,30
2025-08-11,2025-08-25,19598.55,call,87.71,96.94,92.32,18000,0.2449,14
2025-08-11,2025-10-10,17940.27,put,51.72,57.16,54.44,18000,0.1992,60
2025-08-11,2025-10-10,17228.82,call,75.45,83.39,79.42,18000,0.2063,60
2025-08-11,2025-09-10,18040.59,call,124.1,137.16,130.63,18000,0.1862,30
2025-08-11,2025-11-09,19730.66,put,102.96,113.8,108.38,18000,0.1943,90
2025-08-11,2025-10-10,19103.72,call,18.68,20.65,19.67,18000,0.17,60
2025-08-11,2025-10-10,16211.4,call,152.72,168.79,160.76,18000,0.2347,60
2025-08-11,2025-09-10,17322.84,call,87.28,96.47,91.88,18000,0.1948,30
2025-08-11,2025-11-09,19534.98,put,158.9,175.63,167.27,18000,0.2263,90
2025-08-11,2025-09-10,19339.37,put,51.2,56.59,53.89,18000,0.1634,30
2025-08-11,2025-10-10,19095.97,put,90.39,99.9,95.14,18000,0.2233,60
2025-08-11,2025-09-10,19792.16,put,15.36,16.97,16.17,18000,0.2495,30
2025-08-11,2025-09-10,18856.33,call,11.8,13.05,12.43,18000,0.2133,30
2025-08-11,2025-11-09,18912.34,call,138.37,152.94,145.65,18000,0.2322,90
2025-08-11,2025-08-18,19245.32,put,68.25,75.43,71.84,18000,0.1604,7
2025-08-11,2025-08-25,16479.54,put,4.19,4.63,4.41,18000,0.2187,14
2025-08-11,2025-09-10,17455.75,call,98.67,109.06,103.87,18000,0.2132,30
2025-08-11,2025-08-25,16221.92,call,51.23,56.62,53.92,18000,0.2023,14
2025-08-11,2025-08-18,18002.25,put,81.78,90.39,86.09,18000,0.1742,7
2025-08-11,2025-08-25,16462.45,call,36.1,39.9,38.0,18000,0.2167,14
2025-08-11,2025-08-25,17211.62,put,26.05,28.79,27.42,18000,0.1793,14
2025-08-11,2025-09-10,16279.3,call,38.65,42.72,40.69,18000,0.1976,30
2025-08-11,2025-08-18,16989.39,call,61.19,67.63,64.41,18000,0.2103,7
2025-08-11,2025-08-18,18934.6,call,86.03,95.08,90.56,18000,0.2389,7
2025-08-11,2025-08-25,18309.11,put,108.94,120.41,114.68,18000,0.2055,14
2025-08-11,2025-08-25,17070.95,put,51.85,57.3,54.57,18000,0.1735,14
2025-08-11,2025-10-10,16714.35,call,68.65,75.87,72.26,18000,0.2221,60
2025-08-11,2025-08-25,16681.78,put,46.43,51.32,48.88,18000,0.2222,14
2025-08-11,2025-08-18,17343.31,call,133.9,147.99,140.94,18000,0.1689,7
2025-08-11,2025-08-25,17194.21,put,99.74,110.24,104.99,18000,0.2396,14
2025-08-11,2025-08-18,17425.33,put,54.08,59.78,56.93,18000,0.2241,7
2025-08-11,2025-09-10,19176.17,call,144.1,159.27,151.69,18000,0.177,30
2025-08-11,2025-10-10,18258.51,put,74.18,81.99,78.09,18000,0.2392,60
2025-08-11,2025-08-18,17558.33,put,15.27,16.88,16.07,18000,0.2464,7
2025-08-11,2025-08-25,16352.25,call,108.19,119.58,113.89,18000,0.1888,14
2025-08-11,2025-08-25,16700.82,call,113.95,125.95,119.95,18000,0.2213,14
2025-08-11,2025-08-18,17202.38,call,120.13,132.78,126.46,18000,0.2451,7
2025-08-11,2025-08-18,16579.31,call,170.91,188.9,179.9,18000,0.2134,7
2025-08-11,2025-08-18,17496.18,put,148.06,163.64,155.85,18000,0.1885,7
2025-08-11,2025-09-10,17847.72,put,131.8,145.68,138.74,18000,0.2134,30
2025-08-11,2025-08-18,16388.48,call,94.4,104.34,99.37,18000,0.1686,7
2025-08-11,2025-10-10,19261.25,put,148.73,164.39,156.56,18000,0.1871,60
2025-08-11,2025-08-18,19066.47,call,50.5,55.81,53.15,18000,0.2108,7
2025-08-11,2025-10-10,18858.95,put,8.93,9.87,9.4,18000,0.2475,60
2025-08-11,2025-10-10,18767.54,put,14.59,16.13,15.36,18000,0.2079,60
2025-08-11,2025-09-10,17524.03,call,133.72,147.8,140.76,18000,0.2323,30
2025-08-11,2025-11-09,17163.33,call,41.36,45.72,43.54,18000,0.2188,90
2025-08-11,2025-08-25,16269.58,put,5.37,5.94,5.66,18000,0.2449,14
2025-08-11,2025-09-10,17655.44,call,45.6,50.4,48.0,18000,0.2406,30
2025-08-11,2025-11-09,17870.74,put,68.0,75.16,71.58,18000,0.1542,90
2025-08-11,2025-08-18,17322.71,put,37.59,41.54,39.56,18000,0.1767,7
2025-08-11,2025-10-10,19713.65,call,13.06,14.44,13.75,18000,0.2075,60
2025-08-11,2025-08-18,16632.75,put,56.79,62.77,59.78,18000,0.1936,7
2025-08-11,2025-08-18,18983.31,put,109.76,121.31,115.53,18000,0.1723,7
2025-08-11,2025-10-10,16204.87,call,93.77,103.64,98.71,18000,0.2163,60
2025-08-11,2025-10-10,19249.42,call,141.89,156.83,149.36,18000,0.2047,60
2025-08-11,2025-08-18,17248.12,call,51.8,57.25,54.52,18000,0.1898,7
2025-08-11,2025-09-10,18756.49,call,82.78,91.49,87.13,18000,0.1747,30
2025-08-11,2025-10-10,17905.72,put,169.33,187.15,178.24,18000,0.2082,60
2025-08-11,2025-11-09,18110.65,put,164.63,181.96,173.3,18000,0.2044,90
2025-08-11,2025-10-10,18996.94,call,33.49,37.01,35.25,18000,0.1725,60
2025-08-11,2025-08-25,19425.87,call,98.89,109.3,104.09,18000,0.2281,14
2025-08-11,2025-09-10,19733.95,put,66.38,73.36,69.87,18000,0.2136,30
2025-08-11,2025-10-10,18514.15,call,156.89,173.4,165.15,18000,0.1845,60
2025-08-11,2025-10-10,18139.73,call,10.64,11.76,11.2,18000,0.2208,60
2025-08-11,2025-08-18,19550.18,put,76.55,84.61,80.58,18000,0.2131,7
2025-08-11,2025-08-18,19648.56,call,60.58,66.96,63.77,18000,0.2261,7
2025-08-11,2025-08-25,18646.63,call,158.8,175.52,167.16,18000,0.2121,14
2025-08-11,2025-08-25,18168.69,put,7.51,8.3,7.9,18000,0.1933,14
2025-08-11,2025-11-09,17932.8,call,144.26,159.45,151.86,18000,0.155,90
2025-08-11,2025-09-10,19055.31,call,112.71,124.57,118.64,18000,0.1892,30
2025-08-11,2025-08-18,16908.93,call,69.54,76.86,73.2,18000,0.1998,7
2025-08-11,2025-09-10,19732.12,call,78.48,86.74,82.61,18000,0.1719,30
2025-08-11,2025-08-25,18336.82,call,2.23,2.46,2.35,18000,0.1714,14
2025-08-11,2025-10-10,19185.81,call,161.37,178.36,169.87,18000,0.2408,60
2025-08-11,2025-09-10,17622.74,put,129.5,143.13,136.32,18000,0.2477,30
2025-08-11,2025-11-09,19275.2,put,42.3,46.75,44.52,18000,0.2218,90
2025-08-11,2025-08-18,17849.64,call,96.63,106.8,101.72,18000,0.1663,7
2025-08-11,2025-11-09,17996.02,call,134.14,148.26,141.2,18000,0.2335,90
2025-08-11,2025-10-10,19534.3,put,7.88,8.7,8.29,18000,0.2305,60
2025-08-11,2025-08-25,17358.01,put,138.22,152.76,145.49,18000,0.2015,14
2025-08-11,2025-11-09,17084.91,call,113.28,125.2,119.24,18000,0.1981,90
2025-08-11,2025-08-25,19444.98,put,157.24,173.79,165.52,18000,0.1898,14
2025-08-11,2025-09-10,17980.83,call,63.56,70.26,66.91,18000,0.2261,30
2025-08-11,2025-10-10,16526.6,put,162.61,179.73,171.17,18000,0.2418,60
2025-08-11,2025-09-10,17191.97,call,42.92,47.44,45.18,18000,0.2288,30
2025-08-11,2025-10-10,18265.83,put,41.11,45.44,43.27,18000,0.2157,60
2025-08-11,2025-08-25,19358.48,put,86.52,95.63,91.07,18000,0.1602,14
2025-08-11,2025-09-10,18906.38,call,29.96,33.12,31.54,18000,0.1536,30
2025-08-11,2025-08-25,18646.38,call,99.46,109.93,104.69,18000,0.245,14
2025-08-11,2025-09-10,18227.97,call,129.75,143.41,136.58,18000,0.2017,30
2025-08-11,2025-09-10,16717.73,call,161.84,178.88,170.36,18000,0.2394,30
2025-08-11,2025-11-09,17710.01,put,152.0,168.0,160.0,18000,0.2323,90
2025-08-11,2025-08-25,16936.85,call,50.56,55.89,53.23,18000,0.1755,14
2025-08-11,2025-10-10,18489.75,call,160.87,177.81,169.34,18000,0.1569,60
2025-08-11,2025-11-09,17856.01,call,142.93,157.97,150.45,18000,0.2311,90
2025-08-11,2025-11-09,18816.3,call,111.95,123.73,117.84,18000,0.2271,90
2025-08-11,2025-09-10,18056.37,call,48.3,53.39,50.85,18000,0.2039,30
2025-08-11,2025-11-09,16335.26,put,90.98,100.55,95.76,18000,0.2047,90
2025-08-11,2025-11-09,17699.64,put,123.65,136.67,130.16,18000,0.1862,90
2025-08-11,2025-11-09,17294.19,call,8.88,9.81,9.34,18000,0.2383,90
2025-08-11,2025-10-10,19680.64,put,109.55,121.08,115.31,18000,0.2232,60
2025-08-11,2025-08-18,19254.33,call,153.22,169.35,161.29,18000,0.211,7
2025-08-11,2025-11-09,18765.44,call,21.44,23.69,22.56,18000,0.1771,90
2025-08-11,2025-09-10,19798.36,put,128.98,142.55,135.76,18000,0.2485,30
2025-08-11,2025-11-09,18152.9,put,13.42,14.83,14.12,18000,0.2161,90
2025-08-11,2025-08-25,18753.55,call,88.51,97.83,93.17,18000,0.1769,14
2025-08-11,2025-08-18,19628.0,put,61.85,68.36,65.11,18000,0.1982,7
2025-08-11,2025-10-10,18475.77,call,17.53,19.38,18.45,18000,0.2259,60
2025-08-11,2025-08-18,18750.56,call,159.53,176.32,167.93,18000,0.1869,7
2025-08-11,2025-08-25,18709.95,put,137.4,151.86,144.63,18000,0.1598,14
2025-08-11,2025-08-25,18824.33,put,5.28,5.83,5.55,18000,0.1845,14
2025-08-11,2025-08-18,16902.87,call,113.74,125.71,119.73,18000,0.1713,7
2025-08-11,2025-11-09,19283.53,call,114.75,126.83,120.79,18000,0.2265,90
2025-08-11,2025-11-09,19609.53,call,82.51,91.19,86.85,18000,0.1812,90
2025-08-11,2025-10-10,19030.34,put,2.75,3.04,2.89,18000,0.2407,60
2025-08-11,2025-09-10,19220.39,put,105.32,116.41,110.86,18000,0.2298,30
2025-08-11,2025-08-25,17775.58,put,85.69,94.71,90.2,18000,0.2059,14
2025-08-11,2025-08-18,18123.45,put,86.32,95.41,90.86,18000,0.1552,7
2025-08-11,2025-09-10,17936.15,put,136.8,151.2,144.0,18000,0.1679,30
2025-08-11,2025-09-10,19628.88,put,147.97,163.54,155.75,18000,0.1632,30
2025-08-11,2025-10-10,18637.75,put,149.01,164.7,156.85,18000,0.179,60
2025-08-11,2025-09-10,18005.46,put,106.85,118.1,112.48,18000,0.175,30
2025-08-11,2025-09-10,19262.45,call,2.08,2.3,2.19,18000,0.2406,30
2025-08-11,2025-10-10,16872.89,put,52.46,57.98,55.22,18000,0.1788,60
2025-08-11,2025-09-10,17681.96,put,125.29,138.48,131.89,18000,0.1834,30
2025-08-11,2025-11-09,16446.07,call,14.35,15.86,15.11,18000,0.1856,90
2025-08-11,2025-08-18,18667.6,call,35.12,38.82,36.97,18000,0.1572,7
2025-08-11,2025-10-10,19735.38,put,108.12,119.5,113.81,18000,0.2171,60
2025-08-11,2025-09-10,19026.97,call,47.51,52.51,50.01,18000,0.1601,30
2025-08-11,2025-08-25,19588.58,call,11.54,12.76,12.15,18000,0.248,14
2025-08-11,2025-11-09,19717.58,put,19.37,21.41,20.39,18000,0.2471,90
2025-08-11,2025-08-18,18856.39,put,34.96,38.64,36.8,18000,0.2082,7
2025-08-11,2025-08-18,17631.4,call,88.37,97.67,93.02,18000,0.2105,7
2025-08-11,2025-09-10,17166.72,put,117.95,130.37,124.16,18000,0.205,30
2025-08-11,2025-08-25,18373.09,call,158.26,174.92,166.59,18000,0.1672,14
2025-08-11,2025-10-10,17270.25,put,78.32,86.57,82.44,18000,0.2196,60
2025-08-11,2025-09-10,18534.62,put,120.35,133.02,126.68,18000,0.2142,30
2025-08-11,2025-09-10,18633.69,call,99.79,110.29,105.04,18000,0.2172,30
2025-08-11,2025-09-10,17175.95,put,29.77,32.9,31.33,18000,0.1502,30
2025-08-11,2025-09-10,16581.26,put,36.44,40.27,38.36,18000,0.2112,30
2025-08-11,2025-09-10,19378.78,call,106.91,118.16,112.54,18000,0.2272,30
2025-08-11,2025-08-18,16381.76,call,99.68,110.17,104.93,18000,0.1515,7
2025-08-11,2025-08-18,18151.16,call,68.24,75.42,71.83,18000,0.2458,7
2025-08-11,2025-11-09,18422.1,put,167.07,184.65,175.86,18000,0.2172,90
2025-08-11,2025-08-18,17992.95,call,15.84,17.51,16.67,18000,0.1934,7
2025-08-11,2025-09-10,16503.48,call,44.24,48.9,46.57,18000,0.1934,30
2025-08-11,2025-11-09,18045.82,call,100.8,111.41,106.1,18000,0.1509,90
2025-08-11,2025-08-18,18168.75,call,122.1,134.96,128.53,18000,0.1742,7
2025-08-11,2025-08-18,19146.13,call,2.35,2.6,2.47,18000,0.2239,7
2025-08-11,2025-08-18,16971.86,call,155.81,172.21,164.01,18000,0.1577,7
2025-08-11,2025-09-10,17852.19,call,102.1,112.85,107.48,18000,0.1715,30
2025-08-11,2025-08-25,17539.92,call,137.67,152.16,144.92,18000,0.2338,14
2025-08-11,2025-09-10,17976.6,call,34.25,37.85,36.05,18000,0.2044,30
2025-08-11,2025-08-25,18049.0,call,89.17,98.55,93.86,18000,0.2238,14
2025-08-11,2025-09-10,18974.67,call,99.94,110.46,105.2,18000,0.2421,30
2025-08-11,2025-08-18,17400.98,put,153.1,169.22,161.16,18000,0.1868,7
2025-08-11,2025-08-18,16326.03,call,107.77,119.12,113.44,18000,0.1954,7
2025-08-11,2025-09-10,18496.64,put,75.68,83.64,79.66,18000,0.1928,30
2025-08-11,2025-10-10,16719.8,call,141.03,155.88,148.45,18000,0.1564,60
2025-08-11,2025-09-10,18355.84,call,85.95,95.0,90.47,18000,0.1801,30
2025-08-11,2025-11-09,17890.29,put,18.02,19.92,18.97,18000,0.2427,90
2025-08-11,2025-09-10,17674.82,put,158.01,174.64,166.32,18000,0.1909,30
2025-08-11,2025-11-09,16777.67,call,161.17,178.14,169.66,18000,0.2287,90
2025-08-11,2025-08-25,19374.09,call,76.3,84.33,80.32,18000,0.2326,14
2025-08-11,2025-10-10,17241.07,put,75.81,83.78,79.8,18000,0.2425,60
2025-08-11,2025-08-25,18127.99,call,13.1,14.48,13.79,18000,0.2243,14
2025-08-11,2025-08-18,19181.22,put,162.93,180.08,171.51,18000,0.2414,7
2025-08-11,2025-10-10,18475.98,call,160.93,177.87,169.4,18000,0.2006,60
2025-08-11,2025-08-18,17346.99,call,94.63,104.59,99.61,18000,0.1893,7
2025-08-11,2025-09-10,17456.0,call,115.76,127.94,121.85,18000,0.2359,30
2025-08-11,2025-08-18,17441.21,put,75.11,83.01,79.06,18000,0.2248,7
2025-08-11,2025-08-18,16777.32,call,123.45,136.44,129.95,18000,0.1911,7
2025-08-11,2025-10-10,17026.55,call,126.65,139.98,133.31,18000,0.193,60
2025-08-11,2025-11-09,18787.46,put,50.75,56.09,53.42,18000,0.2289,90
2025-08-11,2025-08-18,17442.83,put,152.34,168.37,160.35,18000,0.1666,7
2025-08-11,2025-08-25,17475.38,put,20.25,22.38,21.31,18000,0.2082,14
2025-08-11,2025-08-25,18387.91,put,41.68,46.06,43.87,18000,0.1667,14
2025-08-11,2025-09-10,17408.43,put,105.39,116.48,110.93,18000,0.246,30
2025-08-11,2025-11-09,17693.05,call,92.49,102.23,97.36,18000,0.1929,90
2025-08-11,2025-08-25,17682.71,put,85.52,94.52,90.02,18000,0.1672,14
2025-08-11,2025-09-10,18168.07,call,91.06,100.64,95.85,18000,0.2131,30
2025-08-11,2025-11-09,18707.86,call,57.66,63.73,60.7,18000,0.1617,90
2025-08-11,2025-08-25,18044.23,call,153.16,169.28,161.22,18000,0.1892,14
2025-08-11,2025-08-25,18028.1,call,104.54,115.54,110.04,18000,0.2276,14
2025-08-11,2025-09-10,16448.57,call,151.44,167.38,159.41,18000,0.1908,30
2025-08-11,2025-09-10,18679.07,put,125.06,138.22,131.64,18000,0.2382,30
2025-08-11,2025-08-18,18128.36,call,149.48,165.22,157.35,18000,0.1965,7
2025-08-11,2025-08-18,17946.34,call,90.9,100.47,95.68,18000,0.1786,7
2025-08-11,2025-11-09,16860.39,put,82.82,91.54,87.18,18000,0.1905,90
2025-08-11,2025-09-10,16472.52,put,2.65,2.93,2.79,18000,0.2148,30
2025-08-11,2025-08-25,16441.11,put,31.07,34.35,32.71,18000,0.1979,14
2025-08-11,2025-10-10,19252.54,put,12.67,14.01,13.34,18000,0.2148,60
2025-08-11,2025-08-25,18048.13,put,170.52,188.47,179.49,18000,0.1933,14
2025-08-11,2025-09-10,16354.22,call,59.94,66.25,63.09,18000,0.172,30
2025-08-11,2025-09-10,18743.88,put,123.59,136.6,130.09,18000,0.1964,30
2025-08-11,2025-08-25,17459.8,put,37.22,41.14,39.18,18000,0.1508,14
2025-08-11,2025-08-18,17543.67,call,132.15,146.06,139.11,18000,0.2304,7
2025-08-11,2025-08-18,18291.65,call,133.72,147.79,140.75,18000,0.2084,7
2025-08-11,2025-11-09,17460.73,put,24.0,26.52,25.26,18000,0.2018,90
2025-08-11,2025-11-09,16946.07,put,29.05,32.11,30.58,18000,0.2242,90
2025-08-11,2025-08-18,17449.07,put,155.31,171.66,163.48,18000,0.225,7
2025-08-11,2025-09-10,17759.39,put,98.98,109.39,104.19,18000,0.2389,30
2025-08-11,2025-08-25,17304.86,call,46.33,51.21,48.77,18000,0.2216,14
2025-08-11,2025-09-10,16867.34,call,72.65,80.3,76.47,18000,0.1715,30
2025-08-11,2025-10-10,18807.64,call,13.16,14.55,13.85,18000,0.1688,60
2025-08-11,2025-08-25,16681.14,call,112.78,124.65,118.71,18000,0.2322,14
2025-08-11,2025-08-18,17179.01,put,108.89,120.35,114.62,18000,0.2033,7
2025-08-11,2025-09-10,18490.95,call,141.23,156.1,148.67,18000,0.2029,30
2025-08-11,2025-11-09,18700.71,call,140.86,155.69,148.28,18000,0.2155,90
2025-08-11,2025-08-25,18583.09,call,78.92,87.23,83.07,18000,0.2322,14
2025-08-11,2025-10-10,18985.19,put,73.93,81.71,77.82,18000,0.1868,60
2025-08-11,2025-08-18,17870.36,put,150.34,166.17,158.25,18000,0.1534,7
2025-08-11,2025-09-10,19167.58,put,114.03,126.03,120.03,18000,0.1539,30
2025-08-11,2025-08-18,19432.51,call,125.9,139.15,132.52,18000,0.2014,7
2025-08-11,2025-11-09,19171.5,put,138.97,153.6,146.29,18000,0.2248,90
2025-08-11,2025-11-09,16442.12,put,154.43,170.68,162.56,18000,0.2327,90
2025-08-11,2025-11-09,18893.46,put,0.98,1.08,1.03,18000,0.2174,90
2025-08-11,2025-09-10,17069.39,call,54.4,60.12,57.26,18000,0.1804,30
2025-08-11,2025-09-10,16280.73,call,69.43,76.74,73.08,18000,0.2349,30
2025-08-11,2025-10-10,18555.63,call,2.93,3.24,3.09,18000,0.1516,60
2025-08-11,2025-08-25,18742.17,put,143.15,158.22,150.68,18000,0.1539,14
2025-08-11,2025-09-10,16219.25,call,147.82,163.38,155.6,18000,0.2125,30
2025-08-11,2025-08-25,17606.14,put,129.4,143.02,136.21,18000,0.2491,14
2025-08-11,2025-09-10,18634.05,call,39.14,43.26,41.2,18000,0.1889,30
2025-08-11,2025-09-10,19326.28,call,58.47,64.62,61.54,18000,0.2429,30
2025-08-11,2025-11-09,18479.06,call,167.77,185.43,176.6,18000,0.2496,90
2025-08-11,2025-10-10,19299.76,put,101.43,112.11,106.77,18000,0.2215,60
2025-08-11,2025-09-10,19617.12,call,115.86,128.05,121.96,18000,0.2175,30
2025-08-11,2025-08-25,16596.23,call,85.56,94.57,90.06,18000,0.1667,14
2025-08-11,2025-08-18,18519.32,call,47.07,52.03,49.55,18000,0.2149,7
2025-08-11,2025-09-10,18892.06,call,30.67,33.9,32.28,18000,0.2099,30
2025-08-11,2025-10-10,16352.43,put,143.19,158.26,150.73,18000,0.2168,60
2025-08-11,2025-08-25,16268.92,put,29.32,32.4,30.86,18000,0.1525,14
2025-08-11,2025-10-10,17837.54,put,91.64,101.29,96.47,18000,0.2461,60
2025-08-11,2025-08-25,17646.79,call,142.58,157.59,150.08,18000,0.2084,14
2025-08-11,2025-08-25,19516.71,put,16.23,17.94,17.08,18000,0.2241,14
2025-08-11,2025-09-10,16387.16,put,39.47,43.62,41.54,18000,0.1567,30
2025-08-11,2025-08-18,18384.65,put,118.11,130.54,124.32,18000,0.1746,7
2025-08-11,2025-09-10,16960.43,call,116.87,129.17,123.02,18000,0.2476,30
2025-08-11,2025-09-10,18854.73,put,21.41,23.67,22.54,18000,0.2385,30
2025-08-11,2025-09-10,16308.09,put,103.12,113.97,108.55,18000,0.2191,30
2025-08-11,2025-08-18,17874.03,call,21.88,24.18,23.03,18000,0.2276,7
2025-08-11,2025-10-10,16441.26,call,114.45,126.5,120.48,18000,0.1896,60
2025-08-11,2025-08-25,19576.67,call,134.99,149.2,142.09,18000,0.2052,14
2025-08-11,2025-10-10,16805.23,call,45.92,50.76,48.34,18000,0.1969,60
2025-08-11,2025-08-25,16469.36,call,166.4,183.91,175.15,18000,0.1647,14
2025-08-11,2025-08-18,19683.94,put,26.6,29.4,28.0,18000,0.1509,7
2025-08-11,2025-09-10,17374.51,put,3.51,3.88,3.69,18000,0.172,30
2025-08-11,2025-08-25,17123.27,call,51.72,57.17,54.45,18000,0.1854,14
2025-08-11,2025-10-10,16957.82,put,132.83,146.82,139.82,18000,0.2398,60
2025-08-11,2025-08-25,19185.53,call,137.45,151.92,144.68,18000,0.2063,14
2025-08-11,2025-11-09,17922.59,put,24.64,27.23,25.93,18000,0.2006,90
2025-08-11,2025-09-10,16211.31,put,14.07,15.55,14.81,18000,0.1988,30
2025-08-11,2025-08-25,19160.57,put,62.21,68.76,65.49,18000,0.1782,14
2025-08-11,2025-11-09,17449.42,put,132.88,146.86,139.87,18000,0.2167,90
2025-08-11,2025-08-25,17329.95,call,96.2,106.32,101.26,18000,0.1626,14
2025-08-11,2025-08-18,19585.51,put,83.69,92.5,88.09,18000,0.1695,7
2025-08-11,2025-08-18,17973.25,put,112.53,124.38,118.45,18000,0.2187,7
2025-08-11,2025-08-18,19295.26,put,119.45,132.02,125.74,18000,0.1623,7
2025-08-11,2025-09-10,18944.81,put,152.17,168.19,160.18,18000,0.2403,30
2025-08-11,2025-08-18,16831.77,call,87.71,96.94,92.32,18000,0.2236,7
2025-08-11,2025-10-10,19692.85,put,113.15,125.06,119.1,18000,0.1872,60
2025-08-11,2025-10-10,16795.09,call,31.27,34.56,32.91,18000,0.1719,60
2025-08-11,2025-08-25,19451.49,put,165.86,183.32,174.59,18000,0.2427,14
2025-08-11,2025-08-18,19028.32,put,62.82,69.44,66.13,18000,0.2298,7
2025-08-11,2025-09-10,17414.93,call,136.1,150.43,143.27,18000,0.2345,30
2025-08-11,2025-10-10,18621.95,call,88.93,98.29,93.61,18000,0.1753,60
2025-08-11,2025-10-10,17098.81,put,106.61,117.84,112.23,18000,0.2252,60
2025-08-11,2025-08-25,19053.34,put,39.68,43.86,41.77,18000,0.1877,14
2025-08-11,2025-10-10,17849.96,call,50.27,55.56,52.91,18000,0.17,60
2025-08-11,2025-08-25,19614.61,call,35.49,39.23,37.36,18000,0.1791,14
2025-08-11,2025-08-25,19028.93,call,79.74,88.13,83.93,18000,0.1968,14
2025-08-11,2025-08-18,18728.96,call,73.53,81.27,77.4,18000,0.1987,7
2025-08-11,2025-08-18,18734.7,call,68.04,75.2,71.62,18000,0.2269,7
2025-08-11,2025-08-25,16814.55,call,7.77,8.59,8.18,18000,0.2263,14
2025-08-11,2025-08-18,18038.09,put,80.08,88.51,84.3,18000,0.217,7
2025-08-11,2025-10-10,18004.59,call,47.62,52.63,50.12,18000,0.2126,60
2025-08-11,2025-08-18,17777.44,put,136.12,150.45,143.28,18000,0.2496,7
2025-08-11,2025-09-10,17816.54,call,79.63,88.01,83.82,18000,0.1836,30
2025-08-11,2025-11-09,16601.73,call,157.72,174.33,166.03,18000,0.1689,90
2025-08-11,2025-10-10,17567.11,put,9.49,10.49,9.99,18000,0.17,60
2025-08-11,2025-09-10,18545.46,call,115.83,128.03,121.93,18000,0.1737,30
2025-08-11,2025-11-09,19206.24,put,11.31,12.51,11.91,18000,0.1887,90
2025-08-11,2025-11-09,18897.93,call,132.57,146.52,139.54,18000,0.2025,90
2025-08-11,2025-09-10,17706.9,put,164.42,181.72,173.07,18000,0.153,30
2025-08-11,2025-09-10,18493.54,call,116.02,128.24,122.13,18000,0.2111,30
2025-08-11,2025-10-10,19253.19,call,86.58,95.7,91.14,18000,0.21,60
2025-08-11,2025-08-25,19486.55,put,1.76,1.94,1.85,18000,0.2463,14
2025-08-11,2025-08-18,18742.49,call,135.86,150.16,143.01,18000,0.1936,7
2025-08-11,2025-10-10,17423.9,put,145.27,160.56,152.92,18000,0.1813,60
2025-08-11,2025-08-25,17436.19,put,168.41,186.14,177.27,18000,0.2041,14
2025-08-11,2025-08-25,19543.07,put,41.04,45.36,43.2,18000,0.1665,14
2025-08-11,2025-10-10,17182.62,call,76.39,84.43,80.41,18000,0.2468,60
2025-08-11,2025-08-25,16881.82,put,113.19,125.1,119.14,18000,0.1971,14
2025-08-11,2025-08-25,18531.06,put,154.65,170.92,162.78,18000,0.2078,14
2025-08-11,2025-11-09,16613.27,call,1.18,1.3,1.24,18000,0.1556,90
2025-08-11,2025-10-10,19313.87,put,68.81,76.05,72.43,18000,0.1911,60
2025-08-11,2025-08-25,19424.03,call,51.1,56.48,53.79,18000,0.1795,14
2025-08-11,2025-08-18,17784.21,put,58.5,64.66,61.58,18000,0.1685,7
2025-08-11,2025-08-18,19307.29,put,125.67,138.9,132.29,18000,0.162,7
2025-08-11,2025-08-18,16620.92,call,51.29,56.69,53.99,18000,0.1993,7
2025-08-11,2025-10-10,18841.98,call,19.94,22.03,20.98,18000,0.1664,60
2025-08-11,2025-11-09,17478.47,call,125.34,138.54,131.94,18000,0.1844,90
2025-08-11,2025-10-10,18293.1,call,96.89,107.09,101.99,18000,0.2321,60
2025-08-11,2025-09-10,17679.09,put,1.85,2.04,1.95,18000,0.1827,30
2025-08-11,2025-09-10,19083.53,call,12.94,14.3,13.62,18000,0.1599,30
2025-08-11,2025-11-09,16627.35,call,38.69,42.77,40.73,18000,0.2085,90
2025-08-11,2025-09-10,18341.45,call,105.5,116.6,111.05,18000,0.22,30
2025-08-11,2025-09-10,18116.25,put,135.0,149.21,142.11,18000,0.2373,30
2025-08-11,2025-11-09,17086.48,put,44.4,49.08,46.74,18000,0.2484,90
2025-08-11,2025-08-25,17752.44,call,19.78,21.87,20.83,18000,0.1644,14
2025-08-11,2025-08-18,18691.24,call,169.19,187.0,178.1,18000,0.1718,7
2025-08-11,2025-08-18,17110.29,call,153.51,169.67,161.59,18000,0.2189,7
2025-08-11,2025-08-18,16475.18,call,62.0,68.52,65.26,18000,0.1851,7
2025-08-11,2025-08-18,17381.45,put,142.72,157.74,150.23,18000,0.1656,7
2025-08-11,2025-11-09,19227.27,put,23.87,26.38,25.13,18000,0.1683,90
2025-08-11,2025-11-09,17584.6,call,34.93,38.6,36.76,18000,0.1776,90
2025-08-11,2025-10-10,16627.12,put,71.95,79.52,75.74,18000,0.1577,60
2025-08-11,2025-08-25,16317.57,call,42.71,47.21,44.96,18000,0.1812,14
2025-08-11,2025-09-10,18563.07,put,158.71,175.41,167.06,18000,0.1832,30
2025-08-11,2025-11-09,17006.34,put,104.79,115.82,110.3,18000,0.1616,90
2025-08-11,2025-09-10,16358.55,call,60.65,67.03,63.84,18000,0.1577,30
2025-08-11,2025-10-10,18652.87,put,139.31,153.97,146.64,18000,0.2334,60
2025-08-11,2025-11-09,17777.44,call,18.1,20.01,19.06,18000,0.1755,90
2025-08-11,2025-10-10,17687.42,put,47.56,52.56,50.06,18000,0.2038,60
2025-08-11,2025-10-10,18202.78,put,7.17,7.92,7.54,18000,0.2327,60
2025-08-11,2025-11-09,16992.32,put,95.25,105.28,100.27,18000,0.2379,90
2025-08-11,2025-09-10,17144.43,call,151.54,167.49,159.51,18000,0.172,30
2025-08-11,2025-10-10,19499.11,put,48.85,54.0,51.43,18000,0.1817,60
2025-08-11,2025-08-25,17333.37,put,73.27,80.98,77.12,18000,0.2177,14
2025-08-11,2025-10-10,17798.05,put,142.43,157.42,149.93,18000,0.1646,60
2025-08-11,2025-08-25,17053.72,put,156.48,172.95,164.71,18000,0.1879,14
2025-08-11,2025-08-25,19239.16,put,46.92,51.86,49.39,18000,0.2047,14
2025-08-11,2025-08-25,18262.95,put,95.66,105.73,100.69,18000,0.2384,14
2025-08-11,2025-08-25,16222.96,call,55.46,61.3,58.38,18000,0.2197,14
2025-08-11,2025-08-18,18822.14,call,140.29,155.06,147.68,18000,0.2357,7
2025-08-11,2025-09-10,19608.32,put,105.91,117.06,111.48,18000,0.1882,30
2025-08-11,2025-11-09,19765.2,call,32.68,36.12,34.4,18000,0.2498,90
2025-08-11,2025-08-18,17751.54,call,30.98,34.24,32.61,18000,0.2439,7
2025-08-11,2025-09-10,19393.63,call,93.44,103.28,98.36,18000,0.1807,30
2025-08-11,2025-08-18,16776.81,call,75.63,83.59,79.61,18000,0.2065,7
2025-08-11,2025-08-25,19432.67,call,58.23,64.36,61.3,18000,0.219,14
2025-08-11,2025-08-18,16388.61,call,27.88,30.81,29.34,18000,0.2102,7
2025-08-11,2025-09-10,17045.98,call,166.67,184.22,175.44,18000,0.2335,30
2025-08-11,2025-08-18,17033.31,put,6.14,6.79,6.47,18000,0.1778,7
2025-08-11,2025-08-25,16382.24,call,1.66,1.83,1.74,18000,0.192,14
2025-08-11,2025-09-10,16303.15,put,133.66,147.73,140.69,18000,0.2447,30
2025-08-11,2025-09-10,17303.16,put,62.26,68.82,65.54,18000,0.2198,30
2025-08-11,2025-10-10,19705.68,put,91.55,101.18,96.37,18000,0.1562,60
2025-08-11,2025-10-10,17734.04,put,37.92,41.92,39.92,18000,0.1663,60
2025-08-11,2025-08-18,17013.88,call,15.38,16.99,16.18,18000,0.1588,7
2025-08-11,2025-10-10,17820.21,call,49.13,54.3,51.72,18000,0.2126,60
2025-08-11,2025-08-25,18586.07,put,75.6,83.56,79.58,18000,0.1993,14
2025-08-11,2025-09-10,17943.81,call,27.59,30.5,29.05,18000,0.203,30
2025-08-11,2025-08-25,16950.92,call,26.32,29.09,27.7,18000,0.226,14
2025-08-11,2025-10-10,18842.06,call,69.85,77.2,73.52,18000,0.1861,60
2025-08-11,2025-08-25,16404.05,put,57.72,63.79,60.76,18000,0.2085,14
2025-08-11,2025-08-25,16896.37,put,58.96,65.17,62.07,18000,0.2476,14
2025-08-11,2025-10-10,19424.48,put,19.0,21.0,20.0,18000,0.1622,60
2025-08-11,2025-10-10,18620.58,call,93.29,103.12,98.2,18000,0.1641,60
2025-08-11,2025-08-25,17629.17,put,91.51,101.14,96.33,18000,0.2156,14
2025-08-11,2025-08-25,16325.78,put,169.73,187.6,178.66,18000,0.1581,14
2025-08-11,2025-08-25,18016.63,put,135.74,150.03,142.89,18000,0.2477,14
2025-08-11,2025-09-10,18280.11,call,168.46,186.2,177.33,18000,0.2138,30
2025-08-11,2025-08-25,17763.7,put,56.48,62.42,59.45,18000,0.1927,14
2025-08-11,2025-08-18,18002.56,put,159.79,176.61,168.2,18000,0.1702,7
2025-08-11,2025-09-10,17204.18,call,133.3,147.33,140.31,18000,0.2056,30
2025-08-11,2025-08-25,18084.96,put,152.18,168.19,160.18,18000,0.154,14
2025-08-11,2025-10-10,16902.03,call,130.88,144.65,137.77,18000,0.171,60
2025-08-11,2025-08-25,18368.89,put,21.54,23.81,22.67,18000,0.1603,14
2025-08-11,2025-08-25,18625.82,call,25.95,28.69,27.32,18000,0.1635,14
2025-08-11,2025-09-10,18339.27,put,0.92,1.02,0.97,18000,0.2266,30
2025-08-11,2025-10-10,17193.32,call,79.36,87.71,83.53,18000,0.1518,60
2025-08-11,2025-08-25,17040.0,call,111.53,123.27,117.4,18000,0.2161,14
2025-08-11,2025-11-09,18541.53,call,145.26,160.55,152.9,18000,0.2106,90
2025-08-11,2025-09-10,16608.39,put,81.83,90.44,86.14,18000,0.1841,30
2025-08-11,2025-08-25,17680.95,call,2.34,2.59,2.46,18000,0.1965,14
2025-08-11,2025-08-18,17130.93,put,132.94,146.94,139.94,18000,0.1983,7
2025-08-11,2025-09-10,18173.32,put,108.31,119.71,114.01,18000,0.1993,30
2025-08-11,2025-08-18,19675.09,call,101.23,111.89,106.56,18000,0.2306,7
2025-08-11,2025-10-10,18230.11,put,93.49,103.33,98.41,18000,0.1863,60
2025-08-11,2025-11-09,18363.28,put,147.57,163.11,155.34,18000,0.23,90
2025-08-11,2025-10-10,19769.23,put,119.33,131.89,125.61,18000,0.2025,60
2025-08-11,2025-10-10,18379.73,put,116.22,128.45,122.33,18000,0.2176,60
2025-08-11,2025-08-25,18292.3,call,46.5,51.4,48.95,18000,0.1501,14
2025-08-11,2025-09-10,19527.43,call,101.48,112.16,106.82,18000,0.2134,30
2025-08-11,2025-10-10,17364.71,call,21.78,24.07,22.93,18000,0.2337,60
2025-08-11,2025-10-10,19527.32,put,111.11,122.81,116.96,18000,0.2418,60
2025-08-11,2025-11-09,19419.35,call,133.35,147.39,140.37,18000,0.2229,90
2025-08-11,2025-09-10,16200.11,call,94.79,104.77,99.78,18000,0.1823,30
2025-08-11,2025-11-09,19647.47,call,94.58,104.54,99.56,18000,0.2399,90
2025-08-11,2025-08-18,17582.55,put,66.47,73.47,69.97,18000,0.2107,7
2025-08-11,2025-08-18,17603.64,call,16.53,18.27,17.4,18000,0.1815,7
2025-08-11,2025-09-10,19187.0,put,90.95,100.52,95.74,18000,0.1944,30
2025-08-11,2025-08-25,16436.92,put,138.93,153.56,146.25,18000,0.2083,14
2025-08-11,2025-08-25,17915.26,call,115.0,127.1,121.05,18000,0.1903,14
2025-08-11,2025-11-09,18700.75,call,21.94,24.25,23.1,18000,0.2132,90
2025-08-11,2025-09-10,16630.42,put,128.84,142.41,135.62,18000,0.2201,30
2025-08-11,2025-10-10,17733.38,call,105.88,117.02,111.45,18000,0.223,60
2025-08-11,2025-11-09,18625.33,call,75.76,83.73,79.75,18000,0.1785,90
2025-08-11,2025-11-09,19067.43,call,21.47,23.73,22.6,18000,0.1696,90
2025-08-11,2025-08-25,18084.83,call,100.13,110.67,105.4,18000,0.1978,14
2025-08-11,2025-10-10,18977.44,put,18.04,19.94,18.99,18000,0.1557,60
2025-08-11,2025-10-10,17906.99,call,109.06,120.54,114.8,18000,0.1734,60
2025-08-11,2025-09-10,19557.16,put,117.87,130.28,124.08,18000,0.1998,30
2025-08-11,2025-10-10,17307.98,put,167.07,184.66,175.87,18000,0.1654,60
2025-08-11,2025-09-10,16688.48,call,109.61,121.14,115.37,18000,0.1865,30
2025-08-11,2025-11-09,19787.64,put,95.16,105.17,100.16,18000,0.2202,90
2025-08-11,2025-09-10,19589.68,call,54.0,59.68,56.84,18000,0.1521,30
2025-08-11,2025-08-18,19710.65,call,56.66,62.63,59.64,18000,0.2202,7
2025-08-11,2025-10-10,17625.37,call,52.54,58.07,55.3,18000,0.2176,60
2025-08-11,2025-10-10,19565.03,call,54.38,60.1,57.24,18000,0.229,60
2025-08-11,2025-09-10,19689.56,put,79.81,88.21,84.01,18000,0.2316,30
2025-08-11,2025-08-18,18021.35,put,85.38,94.37,89.87,18000,0.1561,7
2025-08-11,2025-09-10,17826.26,put,149.22,164.93,157.08,18000,0.2441,30
2025-08-11,2025-08-18,17693.37,put,105.41,116.5,110.96,18000,0.2114,7
2025-08-11,2025-10-10,17629.01,put,160.83,177.76,169.29,18000,0.2314,60
2025-08-11,2025-08-18,19636.44,call,44.88,49.61,47.24,18000,0.1681,7
2025-08-11,2025-11-09,16600.35,call,21.69,23.97,22.83,18000,0.1838,90
2025-08-11,2025-11-09,18632.24,put,35.71,39.47,37.59,18000,0.2234,90
2025-08-11,2025-08-25,16973.7,call,149.1,164.79,156.94,18000,0.2095,14
2025-08-11,2025-09-10,16619.32,put,92.39,102.11,97.25,18000,0.2303,30
2025-08-11,2025-09-10,18642.21,put,67.77,74.9,71.34,18000,0.2408,30
